# https://github.com/mikedh/trimesh

o GiantSword_FromVoxel_LowPoly_IM.obj
v -0.04909210 -0.22151900 -0.00300298 0.41960784 0.18039216 0.03137255
v -0.04909210 -0.22151900 -0.00300298 0.41960784 0.18039216 0.03137255
v -0.04909210 -0.22151900 -0.00300298 0.41960784 0.18039216 0.03137255
v -0.04909210 -0.22151900 -0.00300298 0.41960784 0.18039216 0.03137255
v -0.04909210 -0.22151900 -0.00300298 0.41960784 0.18039216 0.03137255
v -0.04909210 -0.22151900 -0.00300298 0.41960784 0.18039216 0.03137255
v -0.04909210 -0.22151900 -0.00300298 0.41960784 0.18039216 0.03137255
v -0.04909210 -0.22151900 -0.00300298 0.41960784 0.18039216 0.03137255
v -0.04909210 -0.22151900 -0.00300298 0.41960784 0.18039216 0.03137255
v -0.08322810 -0.22153900 -0.01225530 0.31764706 0.25098039 0.18431373
v -0.08322810 -0.22153900 -0.01225530 0.31764706 0.25098039 0.18431373
v -0.08322810 -0.22153900 -0.01225530 0.31764706 0.25098039 0.18431373
v -0.05706760 -0.18668200 -0.01071840 0.25882353 0.20392157 0.16078431
v -0.05706760 -0.18668200 -0.01071840 0.25882353 0.20392157 0.16078431
v -0.05706760 -0.18668200 -0.01071840 0.25882353 0.20392157 0.16078431
v -0.05706760 -0.18668200 -0.01071840 0.25882353 0.20392157 0.16078431
v -0.08244030 -0.18665800 -0.01288510 0.55686275 0.49019608 0.51764706
v -0.08244030 -0.18665800 -0.01288510 0.55686275 0.49019608 0.51764706
v -0.08244030 -0.18665800 -0.01288510 0.55686275 0.49019608 0.51764706
v -0.08244030 -0.18665800 -0.01288510 0.55686275 0.49019608 0.51764706
v -0.08412240 -0.22150300 0.01443490 0.31764706 0.25098039 0.18431373
v -0.08412240 -0.22150300 0.01443490 0.31764706 0.25098039 0.18431373
v -0.08412240 -0.22150300 0.01443490 0.31764706 0.25098039 0.18431373
v -0.05741310 -0.15172400 -0.01034810 0.29019608 0.25098039 0.25490196
v -0.05741310 -0.15172400 -0.01034810 0.29019608 0.25098039 0.25490196
v -0.05741310 -0.15172400 -0.01034810 0.29019608 0.25098039 0.25490196
v -0.05741310 -0.15172400 -0.01034810 0.29019608 0.25098039 0.25490196
v -0.08228810 -0.15166700 -0.01348210 0.67843137 0.64705882 0.69019608
v -0.08228810 -0.15166700 -0.01348210 0.67843137 0.64705882 0.69019608
v -0.08228810 -0.15166700 -0.01348210 0.67843137 0.64705882 0.69019608
v -0.08228810 -0.15166700 -0.01348210 0.67843137 0.64705882 0.69019608
v -0.08289710 -0.18658800 0.01257510 0.31764706 0.25098039 0.18431373
v -0.08289710 -0.18658800 0.01257510 0.31764706 0.25098039 0.18431373
v -0.08289710 -0.18658800 0.01257510 0.31764706 0.25098039 0.18431373
v -0.08289710 -0.18658800 0.01257510 0.31764706 0.25098039 0.18431373
v -0.05551940 -0.22152800 -0.03704370 0.67843137 0.54509804 0.12941176
v -0.05551940 -0.22152800 -0.03704370 0.67843137 0.54509804 0.12941176
v -0.05551940 -0.22152800 -0.03704370 0.67843137 0.54509804 0.12941176
v -0.05690920 -0.18670900 -0.03555670 0.23529412 0.19215686 0.16470588
v -0.05690920 -0.18670900 -0.03555670 0.23529412 0.19215686 0.16470588
v -0.05690920 -0.18670900 -0.03555670 0.23529412 0.19215686 0.16470588
v -0.05690920 -0.18670900 -0.03555670 0.23529412 0.19215686 0.16470588
v -0.05779740 -0.18648800 0.00972812 0.25490196 0.21568627 0.21960784
v -0.05779740 -0.18648800 0.00972812 0.25490196 0.21568627 0.21960784
v -0.05779740 -0.18648800 0.00972812 0.25490196 0.21568627 0.21960784
v -0.05779740 -0.18648800 0.00972812 0.25490196 0.21568627 0.21960784
v -0.05720910 -0.15178000 -0.03553290 0.27843137 0.22745098 0.24705882
v -0.05720910 -0.15178000 -0.03553290 0.27843137 0.22745098 0.24705882
v -0.05720910 -0.15178000 -0.03553290 0.27843137 0.22745098 0.24705882
v -0.05720910 -0.15178000 -0.03553290 0.27843137 0.22745098 0.24705882
v -0.05733310 -0.11696300 -0.00994814 0.30588235 0.25098039 0.26666667
v -0.05733310 -0.11696300 -0.00994814 0.30588235 0.25098039 0.26666667
v -0.05733310 -0.11696300 -0.00994814 0.30588235 0.25098039 0.26666667
v -0.05733310 -0.11696300 -0.00994814 0.30588235 0.25098039 0.26666667
v -0.08326870 -0.11689500 -0.01262720 0.67843137 0.61960784 0.67843137
v -0.08326870 -0.11689500 -0.01262720 0.67843137 0.61960784 0.67843137
v -0.08326870 -0.11689500 -0.01262720 0.67843137 0.61960784 0.67843137
v -0.08326870 -0.11689500 -0.01262720 0.67843137 0.61960784 0.67843137
v -0.08266400 -0.15157900 0.01302560 0.58039216 0.55686275 0.58039216
v -0.08266400 -0.15157900 0.01302560 0.58039216 0.55686275 0.58039216
v -0.08266400 -0.15157900 0.01302560 0.58039216 0.55686275 0.58039216
v -0.08266400 -0.15157900 0.01302560 0.58039216 0.55686275 0.58039216
v -0.00743145 -0.22163100 -0.01074330 0.75686275 0.62352941 0.23921569
v -0.00743145 -0.22163100 -0.01074330 0.75686275 0.62352941 0.23921569
v -0.00743145 -0.22163100 -0.01074330 0.75686275 0.62352941 0.23921569
v -0.00743145 -0.22163100 -0.01074330 0.75686275 0.62352941 0.23921569
v -0.01278600 -0.22150700 -0.03587540 0.22352941 0.17254902 0.12941176
v -0.01278600 -0.22150700 -0.03587540 0.22352941 0.17254902 0.12941176
v -0.01278600 -0.22150700 -0.03587540 0.22352941 0.17254902 0.12941176
v -0.01278600 -0.22150700 -0.03587540 0.22352941 0.17254902 0.12941176
v -0.01651220 -0.18668700 -0.03497400 0.31372549 0.21568627 0.19215686
v -0.01651220 -0.18668700 -0.03497400 0.31372549 0.21568627 0.19215686
v -0.01651220 -0.18668700 -0.03497400 0.31372549 0.21568627 0.19215686
v -0.01651220 -0.18668700 -0.03497400 0.31372549 0.21568627 0.19215686
v -0.05766930 -0.15147700 0.01023560 0.25882353 0.21176471 0.21176471
v -0.05766930 -0.15147700 0.01023560 0.25882353 0.21176471 0.21176471
v -0.05766930 -0.15147700 0.01023560 0.25882353 0.21176471 0.21176471
v -0.05766930 -0.15147700 0.01023560 0.25882353 0.21176471 0.21176471
v -0.05677260 -0.18633600 0.03557820 0.25490196 0.21568627 0.21960784
v -0.05677260 -0.18633600 0.03557820 0.25490196 0.21568627 0.21960784
v -0.05677260 -0.18633600 0.03557820 0.25490196 0.21568627 0.21960784
v -0.05677260 -0.18633600 0.03557820 0.25490196 0.21568627 0.21960784
v -0.05434040 -0.22146100 0.03684720 0.75686275 0.56862745 0.15294118
v -0.05434040 -0.22146100 0.03684720 0.75686275 0.56862745 0.15294118
v -0.05434040 -0.22146100 0.03684720 0.75686275 0.56862745 0.15294118
v -0.05434040 -0.22146100 0.03684720 0.75686275 0.56862745 0.15294118
v -0.01800870 -0.15186700 -0.03497400 0.35294118 0.30196078 0.32156863
v -0.01800870 -0.15186700 -0.03497400 0.35294118 0.30196078 0.32156863
v -0.01800870 -0.15186700 -0.03497400 0.35294118 0.30196078 0.32156863
v -0.01800870 -0.15186700 -0.03497400 0.35294118 0.30196078 0.32156863
v -0.05746120 -0.11702900 -0.03558810 0.25098039 0.19607843 0.19215686
v -0.05746120 -0.11702900 -0.03558810 0.25098039 0.19607843 0.19215686
v -0.05746120 -0.11702900 -0.03558810 0.25098039 0.19607843 0.19215686
v -0.05746120 -0.11702900 -0.03558810 0.25098039 0.19607843 0.19215686
v -0.05749150 -0.08240730 -0.01014320 0.38823529 0.38039216 0.45098039
v -0.05749150 -0.08240730 -0.01014320 0.38823529 0.38039216 0.45098039
v -0.05749150 -0.08240730 -0.01014320 0.38823529 0.38039216 0.45098039
v -0.05749150 -0.08240730 -0.01014320 0.38823529 0.38039216 0.45098039
v -0.08227690 -0.08236450 -0.01350420 0.70980392 0.67450980 0.74117647
v -0.08227690 -0.08236450 -0.01350420 0.70980392 0.67450980 0.74117647
v -0.08227690 -0.08236450 -0.01350420 0.70980392 0.67450980 0.74117647
v -0.08227690 -0.08236450 -0.01350420 0.70980392 0.67450980 0.74117647
v -0.08290540 -0.11681400 0.01248450 0.67843137 0.64705882 0.69019608
v -0.08290540 -0.11681400 0.01248450 0.67843137 0.64705882 0.69019608
v -0.08290540 -0.11681400 0.01248450 0.67843137 0.64705882 0.69019608
v -0.08290540 -0.11681400 0.01248450 0.67843137 0.64705882 0.69019608
v -0.03548390 -0.18735700 -0.01240930 0.21960784 0.17647059 0.12549020
v -0.03548390 -0.18735700 -0.01240930 0.21960784 0.17647059 0.12549020
v -0.03548390 -0.18735700 -0.01240930 0.21960784 0.17647059 0.12549020
v -0.03548390 -0.18735700 -0.01240930 0.21960784 0.17647059 0.12549020
v -0.00238287 -0.18742600 -0.01165800 0.28235294 0.20784314 0.14509804
v -0.00238287 -0.18742600 -0.01165800 0.28235294 0.20784314 0.14509804
v -0.00238287 -0.18742600 -0.01165800 0.28235294 0.20784314 0.14509804
v -0.00238287 -0.18742600 -0.01165800 0.28235294 0.20784314 0.14509804
v 0.02995790 -0.22166300 -0.01124290 0.17647059 0.11764706 0.04705882
v 0.02995790 -0.22166300 -0.01124290 0.17647059 0.11764706 0.04705882
v 0.02995790 -0.22166300 -0.01124290 0.17647059 0.11764706 0.04705882
v 0.02995790 -0.22166300 -0.01124290 0.17647059 0.11764706 0.04705882
v 0.02995790 -0.22166300 -0.01124290 0.17647059 0.11764706 0.04705882
v 0.02423690 -0.22149900 -0.03526480 0.12941176 0.10980392 0.08235294
v 0.02423690 -0.22149900 -0.03526480 0.12941176 0.10980392 0.08235294
v 0.02423690 -0.22149900 -0.03526480 0.12941176 0.10980392 0.08235294
v 0.02423690 -0.22149900 -0.03526480 0.12941176 0.10980392 0.08235294
v 0.02155460 -0.18667700 -0.03497400 0.14117647 0.10588235 0.08627451
v 0.02155460 -0.18667700 -0.03497400 0.14117647 0.10588235 0.08627451
v 0.02155460 -0.18667700 -0.03497400 0.14117647 0.10588235 0.08627451
v 0.02155460 -0.18667700 -0.03497400 0.14117647 0.10588235 0.08627451
v -0.05782650 -0.11674400 0.00973025 0.22352941 0.17254902 0.18431373
v -0.05782650 -0.11674400 0.00973025 0.22352941 0.17254902 0.18431373
v -0.05782650 -0.11674400 0.00973025 0.22352941 0.17254902 0.18431373
v -0.05782650 -0.11674400 0.00973025 0.22352941 0.17254902 0.18431373
v -0.05696640 -0.15133800 0.03551420 0.25882353 0.21176471 0.21176471
v -0.05696640 -0.15133800 0.03551420 0.25882353 0.21176471 0.21176471
v -0.05696640 -0.15133800 0.03551420 0.25882353 0.21176471 0.21176471
v -0.05696640 -0.15133800 0.03551420 0.25882353 0.21176471 0.21176471
v -0.01623360 -0.18645200 0.03497400 0.33333333 0.25490196 0.24705882
v -0.01623360 -0.18645200 0.03497400 0.33333333 0.25490196 0.24705882
v -0.01623360 -0.18645200 0.03497400 0.33333333 0.25490196 0.24705882
v -0.01623360 -0.18645200 0.03497400 0.33333333 0.25490196 0.24705882
v -0.01228650 -0.22144900 0.03600570 0.27843137 0.19607843 0.14901961
v -0.01228650 -0.22144900 0.03600570 0.27843137 0.19607843 0.14901961
v -0.01228650 -0.22144900 0.03600570 0.27843137 0.19607843 0.14901961
v -0.01228650 -0.22144900 0.03600570 0.27843137 0.19607843 0.14901961
v 0.02029310 -0.15190400 -0.03497400 0.35294118 0.32549020 0.32156863
v 0.02029310 -0.15190400 -0.03497400 0.35294118 0.32549020 0.32156863
v 0.02029310 -0.15190400 -0.03497400 0.35294118 0.32549020 0.32156863
v 0.02029310 -0.15190400 -0.03497400 0.35294118 0.32549020 0.32156863
v -0.01871430 -0.11715300 -0.03497400 0.36470588 0.30588235 0.32156863
v -0.01871430 -0.11715300 -0.03497400 0.36470588 0.30588235 0.32156863
v -0.01871430 -0.11715300 -0.03497400 0.36470588 0.30588235 0.32156863
v -0.01871430 -0.11715300 -0.03497400 0.36470588 0.30588235 0.32156863
v -0.05780710 -0.08244540 -0.03635470 0.36470588 0.34901961 0.40784314
v -0.05780710 -0.08244540 -0.03635470 0.36470588 0.34901961 0.40784314
v -0.05780710 -0.08244540 -0.03635470 0.36470588 0.34901961 0.40784314
v -0.05780710 -0.08244540 -0.03635470 0.36470588 0.34901961 0.40784314
v -0.05733060 -0.04793730 -0.01042350 0.38823529 0.38039216 0.45098039
v -0.05733060 -0.04793730 -0.01042350 0.38823529 0.38039216 0.45098039
v -0.05733060 -0.04793730 -0.01042350 0.38823529 0.38039216 0.45098039
v -0.05733060 -0.04793730 -0.01042350 0.38823529 0.38039216 0.45098039
v -0.08242540 -0.04791080 -0.01352500 0.69019608 0.65882353 0.72549020
v -0.08242540 -0.04791080 -0.01352500 0.69019608 0.65882353 0.72549020
v -0.08242540 -0.04791080 -0.01352500 0.69019608 0.65882353 0.72549020
v -0.08242540 -0.04791080 -0.01352500 0.69019608 0.65882353 0.72549020
v -0.08359200 -0.08230700 0.01248260 0.64705882 0.58823529 0.64705882
v -0.08359200 -0.08230700 0.01248260 0.64705882 0.58823529 0.64705882
v -0.08359200 -0.08230700 0.01248260 0.64705882 0.58823529 0.64705882
v -0.08359200 -0.08230700 0.01248260 0.64705882 0.58823529 0.64705882
v -0.03793780 -0.22158900 0.00661642 0.17254902 0.10980392 0.03137255
v -0.03793780 -0.22158900 0.00661642 0.17254902 0.10980392 0.03137255
v -0.03793780 -0.22158900 0.00661642 0.17254902 0.10980392 0.03137255
v -0.03793780 -0.22158900 0.00661642 0.17254902 0.10980392 0.03137255
v -0.03541790 -0.18734500 0.01271180 0.37647059 0.27450980 0.21568627
v -0.03541790 -0.18734500 0.01271180 0.37647059 0.27450980 0.21568627
v -0.03541790 -0.18734500 0.01271180 0.37647059 0.27450980 0.21568627
v -0.03541790 -0.18734500 0.01271180 0.37647059 0.27450980 0.21568627
v -0.03510870 -0.15305600 -0.01263150 0.25882353 0.22352941 0.22352941
v -0.03510870 -0.15305600 -0.01263150 0.25882353 0.22352941 0.22352941
v -0.03510870 -0.15305600 -0.01263150 0.25882353 0.22352941 0.22352941
v -0.03510870 -0.15305600 -0.01263150 0.25882353 0.22352941 0.22352941
v -0.00073308 -0.15311300 -0.01165800 0.38823529 0.33333333 0.32156863
v -0.00073308 -0.15311300 -0.01165800 0.38823529 0.33333333 0.32156863
v -0.00073308 -0.15311300 -0.01165800 0.38823529 0.33333333 0.32156863
v -0.00073308 -0.15311300 -0.01165800 0.38823529 0.33333333 0.32156863
v 0.03419510 -0.18760900 -0.01284050 0.26666667 0.22352941 0.19215686
v 0.03419510 -0.18760900 -0.01284050 0.26666667 0.22352941 0.19215686
v 0.03419510 -0.18760900 -0.01284050 0.26666667 0.22352941 0.19215686
v 0.03419510 -0.18760900 -0.01284050 0.26666667 0.22352941 0.19215686
v 0.05776630 -0.22149300 -0.01152920 0.36078431 0.30588235 0.24313725
v 0.05776630 -0.22149300 -0.01152920 0.36078431 0.30588235 0.24313725
v 0.05776630 -0.22149300 -0.01152920 0.36078431 0.30588235 0.24313725
v 0.05776630 -0.22149300 -0.01152920 0.36078431 0.30588235 0.24313725
v 0.05776630 -0.22149300 -0.01152920 0.36078431 0.30588235 0.24313725
v 0.05868240 -0.22148800 -0.03563600 0.60392157 0.40392157 0.16862745
v 0.05868240 -0.22148800 -0.03563600 0.60392157 0.40392157 0.16862745
v 0.05868240 -0.22148800 -0.03563600 0.60392157 0.40392157 0.16862745
v 0.05809180 -0.18664900 -0.03590810 0.12941176 0.10980392 0.08235294
v 0.05809180 -0.18664900 -0.03590810 0.12941176 0.10980392 0.08235294
v 0.05809180 -0.18664900 -0.03590810 0.12941176 0.10980392 0.08235294
v 0.05809180 -0.18664900 -0.03590810 0.12941176 0.10980392 0.08235294
v -0.05710530 -0.08225760 0.01065990 0.40000000 0.36078431 0.41960784
v -0.05710530 -0.08225760 0.01065990 0.40000000 0.36078431 0.41960784
v -0.05710530 -0.08225760 0.01065990 0.40000000 0.36078431 0.41960784
v -0.05710530 -0.08225760 0.01065990 0.40000000 0.36078431 0.41960784
v -0.05745220 -0.11665600 0.03582310 0.22352941 0.17254902 0.18431373
v -0.05745220 -0.11665600 0.03582310 0.22352941 0.17254902 0.18431373
v -0.05745220 -0.11665600 0.03582310 0.22352941 0.17254902 0.18431373
v -0.05745220 -0.11665600 0.03582310 0.22352941 0.17254902 0.18431373
v -0.01779100 -0.15156000 0.03497400 0.38823529 0.30588235 0.29803922
v -0.01779100 -0.15156000 0.03497400 0.38823529 0.30588235 0.29803922
v -0.01779100 -0.15156000 0.03497400 0.38823529 0.30588235 0.29803922
v -0.01779100 -0.15156000 0.03497400 0.38823529 0.30588235 0.29803922
v 0.02178670 -0.18653600 0.03497400 0.32549020 0.25882353 0.19607843
v 0.02178670 -0.18653600 0.03497400 0.32549020 0.25882353 0.19607843
v 0.02178670 -0.18653600 0.03497400 0.32549020 0.25882353 0.19607843
v 0.02178670 -0.18653600 0.03497400 0.32549020 0.25882353 0.19607843
v 0.02461440 -0.22147500 0.03572480 0.19215686 0.14509804 0.12941176
v 0.02461440 -0.22147500 0.03572480 0.19215686 0.14509804 0.12941176
v 0.02461440 -0.22147500 0.03572480 0.19215686 0.14509804 0.12941176
v 0.02461440 -0.22147500 0.03572480 0.19215686 0.14509804 0.12941176
v -0.00704247 -0.22160100 0.01069360 0.67843137 0.51372549 0.09411765
v -0.00704247 -0.22160100 0.01069360 0.67843137 0.51372549 0.09411765
v -0.00704247 -0.22160100 0.01069360 0.67843137 0.51372549 0.09411765
v -0.00704247 -0.22160100 0.01069360 0.67843137 0.51372549 0.09411765
v 0.05776630 -0.15190500 -0.03556300 0.27450980 0.21960784 0.20784314
v 0.05776630 -0.15190500 -0.03556300 0.27450980 0.21960784 0.20784314
v 0.05776630 -0.15190500 -0.03556300 0.27450980 0.21960784 0.20784314
v 0.05776630 -0.15190500 -0.03556300 0.27450980 0.21960784 0.20784314
v 0.01970140 -0.11721200 -0.03497400 0.37647059 0.32156863 0.30980392
v 0.01970140 -0.11721200 -0.03497400 0.37647059 0.32156863 0.30980392
v 0.01970140 -0.11721200 -0.03497400 0.37647059 0.32156863 0.30980392
v 0.01970140 -0.11721200 -0.03497400 0.37647059 0.32156863 0.30980392
v -0.01914130 -0.08254900 -0.03497400 0.41568627 0.36862745 0.46666667
v -0.01914130 -0.08254900 -0.03497400 0.41568627 0.36862745 0.46666667
v -0.01914130 -0.08254900 -0.03497400 0.41568627 0.36862745 0.46666667
v -0.01914130 -0.08254900 -0.03497400 0.41568627 0.36862745 0.46666667
v -0.05774720 -0.04795830 -0.03568570 0.38823529 0.36862745 0.42745098
v -0.05774720 -0.04795830 -0.03568570 0.38823529 0.36862745 0.42745098
v -0.05774720 -0.04795830 -0.03568570 0.38823529 0.36862745 0.42745098
v -0.05774720 -0.04795830 -0.03568570 0.38823529 0.36862745 0.42745098
v -0.05704610 -0.01350740 -0.01038190 0.40000000 0.39607843 0.45098039
v -0.05704610 -0.01350740 -0.01038190 0.40000000 0.39607843 0.45098039
v -0.05704610 -0.01350740 -0.01038190 0.40000000 0.39607843 0.45098039
v -0.05704610 -0.01350740 -0.01038190 0.40000000 0.39607843 0.45098039
v -0.08285130 -0.01348740 -0.01253960 0.61568627 0.61960784 0.67843137
v -0.08285130 -0.01348740 -0.01253960 0.61568627 0.61960784 0.67843137
v -0.08285130 -0.01348740 -0.01253960 0.61568627 0.61960784 0.67843137
v -0.08285130 -0.01348740 -0.01253960 0.61568627 0.61960784 0.67843137
v -0.08286990 -0.04787040 0.01264930 0.70980392 0.67450980 0.74117647
v -0.08286990 -0.04787040 0.01264930 0.70980392 0.67450980 0.74117647
v -0.08286990 -0.04787040 0.01264930 0.70980392 0.67450980 0.74117647
v -0.08286990 -0.04787040 0.01264930 0.70980392 0.67450980 0.74117647
v -0.00231003 -0.18740300 0.01165800 0.31372549 0.21568627 0.19215686
v -0.00231003 -0.18740300 0.01165800 0.31372549 0.21568627 0.19215686
v -0.00231003 -0.18740300 0.01165800 0.31372549 0.21568627 0.19215686
v -0.00231003 -0.18740300 0.01165800 0.31372549 0.21568627 0.19215686
v -0.03516330 -0.15305500 0.01245140 0.46274510 0.38823529 0.39607843
v -0.03516330 -0.15305500 0.01245140 0.46274510 0.38823529 0.39607843
v -0.03516330 -0.15305500 0.01245140 0.46274510 0.38823529 0.39607843
v -0.03516330 -0.15305500 0.01245140 0.46274510 0.38823529 0.39607843
v -0.03499780 -0.11871300 -0.01237200 0.27843137 0.22745098 0.24705882
v -0.03499780 -0.11871300 -0.01237200 0.27843137 0.22745098 0.24705882
v -0.03499780 -0.11871300 -0.01237200 0.27843137 0.22745098 0.24705882
v -0.03499780 -0.11871300 -0.01237200 0.27843137 0.22745098 0.24705882
v -0.00024209 -0.11875200 -0.01165800 0.45882353 0.37647059 0.38431373
v -0.00024209 -0.11875200 -0.01165800 0.45882353 0.37647059 0.38431373
v -0.00024209 -0.11875200 -0.01165800 0.45882353 0.37647059 0.38431373
v -0.00024209 -0.11875200 -0.01165800 0.45882353 0.37647059 0.38431373
v 0.03478580 -0.15321500 -0.01262480 0.29019608 0.23921569 0.23529412
v 0.03478580 -0.15321500 -0.01262480 0.29019608 0.23921569 0.23529412
v 0.03478580 -0.15321500 -0.01262480 0.29019608 0.23921569 0.23529412
v 0.03478580 -0.15321500 -0.01262480 0.29019608 0.23921569 0.23529412
v 0.02928370 -0.22162100 0.01133150 0.19215686 0.14509804 0.12941176
v 0.02928370 -0.22162100 0.01133150 0.19215686 0.14509804 0.12941176
v 0.02928370 -0.22162100 0.01133150 0.19215686 0.14509804 0.12941176
v 0.02928370 -0.22162100 0.01133150 0.19215686 0.14509804 0.12941176
v 0.02928370 -0.22162100 0.01133150 0.19215686 0.14509804 0.12941176
v 0.03407540 -0.18757800 0.01251090 0.25882353 0.20392157 0.18039216
v 0.03407540 -0.18757800 0.01251090 0.25882353 0.20392157 0.18039216
v 0.03407540 -0.18757800 0.01251090 0.25882353 0.20392157 0.18039216
v 0.03407540 -0.18757800 0.01251090 0.25882353 0.20392157 0.18039216
v 0.05754570 -0.22148400 0.01144310 0.17647059 0.11764706 0.04705882
v 0.05754570 -0.22148400 0.01144310 0.17647059 0.11764706 0.04705882
v 0.05754570 -0.22148400 0.01144310 0.17647059 0.11764706 0.04705882
v 0.05754570 -0.22148400 0.01144310 0.17647059 0.11764706 0.04705882
v 0.05754570 -0.22148400 0.01144310 0.17647059 0.11764706 0.04705882
v 0.05634660 -0.18662100 -0.01122640 0.58039216 0.52941176 0.56470588
v 0.05634660 -0.18662100 -0.01122640 0.58039216 0.52941176 0.56470588
v 0.05634660 -0.18662100 -0.01122640 0.58039216 0.52941176 0.56470588
v 0.05634660 -0.18662100 -0.01122640 0.58039216 0.52941176 0.56470588
v -0.05776190 -0.04784460 0.00970506 0.38431373 0.35294118 0.41960784
v -0.05776190 -0.04784460 0.00970506 0.38431373 0.35294118 0.41960784
v -0.05776190 -0.04784460 0.00970506 0.38431373 0.35294118 0.41960784
v -0.05776190 -0.04784460 0.00970506 0.38431373 0.35294118 0.41960784
v -0.05742540 -0.08220980 0.03528700 0.40000000 0.36078431 0.41960784
v -0.05742540 -0.08220980 0.03528700 0.40000000 0.36078431 0.41960784
v -0.05742540 -0.08220980 0.03528700 0.40000000 0.36078431 0.41960784
v -0.05742540 -0.08220980 0.03528700 0.40000000 0.36078431 0.41960784
v -0.01857350 -0.11686600 0.03497400 0.43529412 0.37254902 0.40392157
v -0.01857350 -0.11686600 0.03497400 0.43529412 0.37254902 0.40392157
v -0.01857350 -0.11686600 0.03497400 0.43529412 0.37254902 0.40392157
v -0.01857350 -0.11686600 0.03497400 0.43529412 0.37254902 0.40392157
v 0.02042880 -0.15170600 0.03497400 0.39215686 0.32549020 0.31372549
v 0.02042880 -0.15170600 0.03497400 0.39215686 0.32549020 0.31372549
v 0.02042880 -0.15170600 0.03497400 0.39215686 0.32549020 0.31372549
v 0.02042880 -0.15170600 0.03497400 0.39215686 0.32549020 0.31372549
v 0.05814300 -0.18657400 0.03588040 0.17647059 0.11764706 0.04705882
v 0.05814300 -0.18657400 0.03588040 0.17647059 0.11764706 0.04705882
v 0.05814300 -0.18657400 0.03588040 0.17647059 0.11764706 0.04705882
v 0.05814300 -0.18657400 0.03588040 0.17647059 0.11764706 0.04705882
v 0.05889090 -0.22149000 0.03678860 0.60392157 0.40392157 0.16862745
v 0.05889090 -0.22149000 0.03678860 0.60392157 0.40392157 0.16862745
v 0.05889090 -0.22149000 0.03678860 0.60392157 0.40392157 0.16862745
v 0.05719900 -0.15189700 -0.01042180 0.79607843 0.76862745 0.82745098
v 0.05719900 -0.15189700 -0.01042180 0.79607843 0.76862745 0.82745098
v 0.05719900 -0.15189700 -0.01042180 0.79607843 0.76862745 0.82745098
v 0.05719900 -0.15189700 -0.01042180 0.79607843 0.76862745 0.82745098
v 0.05782890 -0.11723300 -0.03591930 0.29803922 0.24705882 0.24705882
v 0.05782890 -0.11723300 -0.03591930 0.29803922 0.24705882 0.24705882
v 0.05782890 -0.11723300 -0.03591930 0.29803922 0.24705882 0.24705882
v 0.05782890 -0.11723300 -0.03591930 0.29803922 0.24705882 0.24705882
v 0.01930320 -0.08260560 -0.03497400 0.48627451 0.38823529 0.41960784
v 0.01930320 -0.08260560 -0.03497400 0.48627451 0.38823529 0.41960784
v 0.01930320 -0.08260560 -0.03497400 0.48627451 0.38823529 0.41960784
v 0.01930320 -0.08260560 -0.03497400 0.48627451 0.38823529 0.41960784
v -0.01928790 -0.04803310 -0.03497400 0.41960784 0.38039216 0.48627451
v -0.01928790 -0.04803310 -0.03497400 0.41960784 0.38039216 0.48627451
v -0.01928790 -0.04803310 -0.03497400 0.41960784 0.38039216 0.48627451
v -0.01928790 -0.04803310 -0.03497400 0.41960784 0.38039216 0.48627451
v -0.05765020 -0.01352810 -0.03578100 0.38823529 0.38823529 0.43529412
v -0.05765020 -0.01352810 -0.03578100 0.38823529 0.38823529 0.43529412
v -0.05765020 -0.01352810 -0.03578100 0.38823529 0.38823529 0.43529412
v -0.05765020 -0.01352810 -0.03578100 0.38823529 0.38823529 0.43529412
v -0.05698760 0.02087790 -0.01070950 0.41960784 0.38823529 0.40392157
v -0.05698760 0.02087790 -0.01070950 0.41960784 0.38823529 0.40392157
v -0.05698760 0.02087790 -0.01070950 0.41960784 0.38823529 0.40392157
v -0.05698760 0.02087790 -0.01070950 0.41960784 0.38823529 0.40392157
v -0.08243010 0.02089120 -0.01278000 0.67843137 0.66666667 0.67843137
v -0.08243010 0.02089120 -0.01278000 0.67843137 0.66666667 0.67843137
v -0.08243010 0.02089120 -0.01278000 0.67843137 0.66666667 0.67843137
v -0.08243010 0.02089120 -0.01278000 0.67843137 0.66666667 0.67843137
v -0.08376300 -0.01347780 0.01220620 0.50196078 0.49411765 0.52549020
v -0.08376300 -0.01347780 0.01220620 0.50196078 0.49411765 0.52549020
v -0.08376300 -0.01347780 0.01220620 0.50196078 0.49411765 0.52549020
v -0.08376300 -0.01347780 0.01220620 0.50196078 0.49411765 0.52549020
v -0.00076439 -0.15310200 0.01165800 0.38823529 0.30588235 0.29803922
v -0.00076439 -0.15310200 0.01165800 0.38823529 0.30588235 0.29803922
v -0.00076439 -0.15310200 0.01165800 0.38823529 0.30588235 0.29803922
v -0.00076439 -0.15310200 0.01165800 0.38823529 0.30588235 0.29803922
v -0.03501510 -0.11871000 0.01247560 0.52549020 0.42352941 0.48627451
v -0.03501510 -0.11871000 0.01247560 0.52549020 0.42352941 0.48627451
v -0.03501510 -0.11871000 0.01247560 0.52549020 0.42352941 0.48627451
v -0.03501510 -0.11871000 0.01247560 0.52549020 0.42352941 0.48627451
v -0.03496420 -0.08439770 -0.01276590 0.25882353 0.21960784 0.25882353
v -0.03496420 -0.08439770 -0.01276590 0.25882353 0.21960784 0.25882353
v -0.03496420 -0.08439770 -0.01276590 0.25882353 0.21960784 0.25882353
v -0.03496420 -0.08439770 -0.01276590 0.25882353 0.21960784 0.25882353
v -0.00006538 -0.08441870 -0.01165800 0.83921569 0.81176471 0.87058824
v -0.00006538 -0.08441870 -0.01165800 0.83921569 0.81176471 0.87058824
v -0.00006538 -0.08441870 -0.01165800 0.83921569 0.81176471 0.87058824
v -0.00006538 -0.08441870 -0.01165800 0.83921569 0.81176471 0.87058824
v 0.03490830 -0.11876200 -0.01234080 0.30196078 0.24705882 0.24313725
v 0.03490830 -0.11876200 -0.01234080 0.30196078 0.24705882 0.24313725
v 0.03490830 -0.11876200 -0.01234080 0.30196078 0.24705882 0.24313725
v 0.03490830 -0.11876200 -0.01234080 0.30196078 0.24705882 0.24313725
v 0.03468740 -0.15320600 0.01229770 0.30588235 0.26274510 0.25882353
v 0.03468740 -0.15320600 0.01229770 0.30588235 0.26274510 0.25882353
v 0.03468740 -0.15320600 0.01229770 0.30588235 0.26274510 0.25882353
v 0.03468740 -0.15320600 0.01229770 0.30588235 0.26274510 0.25882353
v 0.08559030 -0.22148200 0.01374920 0.70196078 0.54509804 0.25098039
v 0.08559030 -0.22148200 0.01374920 0.70196078 0.54509804 0.25098039
v 0.08559030 -0.22148200 0.01374920 0.70196078 0.54509804 0.25098039
v 0.08509330 -0.22148500 -0.01406750 0.61176471 0.46274510 0.13725490
v 0.08509330 -0.22148500 -0.01406750 0.61176471 0.46274510 0.13725490
v 0.08509330 -0.22148500 -0.01406750 0.61176471 0.46274510 0.13725490
v 0.08261930 -0.18658500 -0.01291100 0.36078431 0.30588235 0.24313725
v 0.08261930 -0.18658500 -0.01291100 0.36078431 0.30588235 0.24313725
v 0.08261930 -0.18658500 -0.01291100 0.36078431 0.30588235 0.24313725
v 0.08261930 -0.18658500 -0.01291100 0.36078431 0.30588235 0.24313725
v -0.05656690 -0.01345650 0.01090520 0.38823529 0.36862745 0.41960784
v -0.05656690 -0.01345650 0.01090520 0.38823529 0.36862745 0.41960784
v -0.05656690 -0.01345650 0.01090520 0.38823529 0.36862745 0.41960784
v -0.05656690 -0.01345650 0.01090520 0.38823529 0.36862745 0.41960784
v -0.05774970 -0.04781990 0.03561350 0.38431373 0.35294118 0.41960784
v -0.05774970 -0.04781990 0.03561350 0.38431373 0.35294118 0.41960784
v -0.05774970 -0.04781990 0.03561350 0.38431373 0.35294118 0.41960784
v -0.05774970 -0.04781990 0.03561350 0.38431373 0.35294118 0.41960784
v -0.01895290 -0.08233220 0.03497400 0.39607843 0.35686275 0.42745098
v -0.01895290 -0.08233220 0.03497400 0.39607843 0.35686275 0.42745098
v -0.01895290 -0.08233220 0.03497400 0.39607843 0.35686275 0.42745098
v -0.01895290 -0.08233220 0.03497400 0.39607843 0.35686275 0.42745098
v 0.01979410 -0.11702400 0.03497400 0.37254902 0.30588235 0.30588235
v 0.01979410 -0.11702400 0.03497400 0.37254902 0.30588235 0.30588235
v 0.01979410 -0.11702400 0.03497400 0.37254902 0.30588235 0.30588235
v 0.01979410 -0.11702400 0.03497400 0.37254902 0.30588235 0.30588235
v 0.05772320 -0.15182800 0.03554250 0.28235294 0.23137255 0.22352941
v 0.05772320 -0.15182800 0.03554250 0.28235294 0.23137255 0.22352941
v 0.05772320 -0.15182800 0.03554250 0.28235294 0.23137255 0.22352941
v 0.05772320 -0.15182800 0.03554250 0.28235294 0.23137255 0.22352941
v 0.05701550 -0.18656600 0.01078000 0.17647059 0.11764706 0.04705882
v 0.05701550 -0.18656600 0.01078000 0.17647059 0.11764706 0.04705882
v 0.05701550 -0.18656600 0.01078000 0.17647059 0.11764706 0.04705882
v 0.05701550 -0.18656600 0.01078000 0.17647059 0.11764706 0.04705882
v 0.08231140 -0.15187700 -0.01329660 0.60784314 0.57254902 0.63529412
v 0.08231140 -0.15187700 -0.01329660 0.60784314 0.57254902 0.63529412
v 0.08231140 -0.15187700 -0.01329660 0.60784314 0.57254902 0.63529412
v 0.08231140 -0.15187700 -0.01329660 0.60784314 0.57254902 0.63529412
v 0.05697110 -0.11723700 -0.01081450 0.69411765 0.64705882 0.70980392
v 0.05697110 -0.11723700 -0.01081450 0.69411765 0.64705882 0.70980392
v 0.05697110 -0.11723700 -0.01081450 0.69411765 0.64705882 0.70980392
v 0.05697110 -0.11723700 -0.01081450 0.69411765 0.64705882 0.70980392
v 0.05748870 -0.08262100 -0.03551250 0.29019608 0.23529412 0.25882353
v 0.05748870 -0.08262100 -0.03551250 0.29019608 0.23529412 0.25882353
v 0.05748870 -0.08262100 -0.03551250 0.29019608 0.23529412 0.25882353
v 0.05748870 -0.08262100 -0.03551250 0.29019608 0.23529412 0.25882353
v 0.01917010 -0.04807450 -0.03497400 0.45098039 0.40784314 0.48235294
v 0.01917010 -0.04807450 -0.03497400 0.45098039 0.40784314 0.48235294
v 0.01917010 -0.04807450 -0.03497400 0.45098039 0.40784314 0.48235294
v 0.01917010 -0.04807450 -0.03497400 0.45098039 0.40784314 0.48235294
v -0.01930930 -0.01357820 -0.03497400 0.38823529 0.35686275 0.43921569
v -0.01930930 -0.01357820 -0.03497400 0.38823529 0.35686275 0.43921569
v -0.01930930 -0.01357820 -0.03497400 0.38823529 0.35686275 0.43921569
v -0.01930930 -0.01357820 -0.03497400 0.38823529 0.35686275 0.43921569
v -0.05768420 0.02086660 -0.03581980 0.30588235 0.28627451 0.31372549
v -0.05768420 0.02086660 -0.03581980 0.30588235 0.28627451 0.31372549
v -0.05768420 0.02086660 -0.03581980 0.30588235 0.28627451 0.31372549
v -0.05768420 0.02086660 -0.03581980 0.30588235 0.28627451 0.31372549
v -0.05714850 0.05524570 -0.01048000 0.29019608 0.24313725 0.25882353
v -0.05714850 0.05524570 -0.01048000 0.29019608 0.24313725 0.25882353
v -0.05714850 0.05524570 -0.01048000 0.29019608 0.24313725 0.25882353
v -0.05714850 0.05524570 -0.01048000 0.29019608 0.24313725 0.25882353
v -0.08229980 0.05525340 -0.01311130 0.69411765 0.65882353 0.67058824
v -0.08229980 0.05525340 -0.01311130 0.69411765 0.65882353 0.67058824
v -0.08229980 0.05525340 -0.01311130 0.69411765 0.65882353 0.67058824
v -0.08229980 0.05525340 -0.01311130 0.69411765 0.65882353 0.67058824
v -0.08284580 0.02090180 0.01276230 0.61568627 0.61960784 0.67843137
v -0.08284580 0.02090180 0.01276230 0.61568627 0.61960784 0.67843137
v -0.08284580 0.02090180 0.01276230 0.61568627 0.61960784 0.67843137
v -0.08284580 0.02090180 0.01276230 0.61568627 0.61960784 0.67843137
v -0.00026169 -0.11874200 0.01165800 0.43529412 0.37254902 0.40392157
v -0.00026169 -0.11874200 0.01165800 0.43529412 0.37254902 0.40392157
v -0.00026169 -0.11874200 0.01165800 0.43529412 0.37254902 0.40392157
v -0.00026169 -0.11874200 0.01165800 0.43529412 0.37254902 0.40392157
v -0.03497230 -0.08438050 0.01320760 0.82745098 0.80000000 0.85882353
v -0.03497230 -0.08438050 0.01320760 0.82745098 0.80000000 0.85882353
v -0.03497230 -0.08438050 0.01320760 0.82745098 0.80000000 0.85882353
v -0.03497230 -0.08438050 0.01320760 0.82745098 0.80000000 0.85882353
v -0.03495430 -0.05010810 -0.01272750 0.36470588 0.34901961 0.40784314
v -0.03495430 -0.05010810 -0.01272750 0.36470588 0.34901961 0.40784314
v -0.03495430 -0.05010810 -0.01272750 0.36470588 0.34901961 0.40784314
v -0.03495430 -0.05010810 -0.01272750 0.36470588 0.34901961 0.40784314
v -0.00001434 -0.05012960 -0.01165800 0.74117647 0.70588235 0.79607843
v -0.00001434 -0.05012960 -0.01165800 0.74117647 0.70588235 0.79607843
v -0.00001434 -0.05012960 -0.01165800 0.74117647 0.70588235 0.79607843
v -0.00001434 -0.05012960 -0.01165800 0.74117647 0.70588235 0.79607843
v 0.03494740 -0.08440000 -0.01254940 0.25882353 0.21176471 0.24313725
v 0.03494740 -0.08440000 -0.01254940 0.25882353 0.21176471 0.24313725
v 0.03494740 -0.08440000 -0.01254940 0.25882353 0.21176471 0.24313725
v 0.03494740 -0.08440000 -0.01254940 0.25882353 0.21176471 0.24313725
v 0.03490090 -0.11875600 0.01267080 0.32156863 0.25490196 0.25882353
v 0.03490090 -0.11875600 0.01267080 0.32156863 0.25490196 0.25882353
v 0.03490090 -0.11875600 0.01267080 0.32156863 0.25490196 0.25882353
v 0.03490090 -0.11875600 0.01267080 0.32156863 0.25490196 0.25882353
v 0.08222810 -0.18657700 0.01354120 0.36078431 0.30588235 0.24313725
v 0.08222810 -0.18657700 0.01354120 0.36078431 0.30588235 0.24313725
v 0.08222810 -0.18657700 0.01354120 0.36078431 0.30588235 0.24313725
v 0.08222810 -0.18657700 0.01354120 0.36078431 0.30588235 0.24313725
v -0.05742420 0.02091010 0.01044070 0.35686275 0.35294118 0.38823529
v -0.05742420 0.02091010 0.01044070 0.35686275 0.35294118 0.38823529
v -0.05742420 0.02091010 0.01044070 0.35686275 0.35294118 0.38823529
v -0.05742420 0.02091010 0.01044070 0.35686275 0.35294118 0.38823529
v -0.05780210 -0.01344210 0.03590110 0.38823529 0.36862745 0.41960784
v -0.05780210 -0.01344210 0.03590110 0.38823529 0.36862745 0.41960784
v -0.05780210 -0.01344210 0.03590110 0.38823529 0.36862745 0.41960784
v -0.05780210 -0.01344210 0.03590110 0.38823529 0.36862745 0.41960784
v -0.01922410 -0.04788050 0.03497400 0.41960784 0.37254902 0.48235294
v -0.01922410 -0.04788050 0.03497400 0.41960784 0.37254902 0.48235294
v -0.01922410 -0.04788050 0.03497400 0.41960784 0.37254902 0.48235294
v -0.01922410 -0.04788050 0.03497400 0.41960784 0.37254902 0.48235294
v 0.01946980 -0.08245090 0.03497400 0.48627451 0.38823529 0.41960784
v 0.01946980 -0.08245090 0.03497400 0.48627451 0.38823529 0.41960784
v 0.01946980 -0.08245090 0.03497400 0.48627451 0.38823529 0.41960784
v 0.01946980 -0.08245090 0.03497400 0.48627451 0.38823529 0.41960784
v 0.05774640 -0.11717500 0.03584250 0.29019608 0.23921569 0.23529412
v 0.05774640 -0.11717500 0.03584250 0.29019608 0.23921569 0.23529412
v 0.05774640 -0.11717500 0.03584250 0.29019608 0.23921569 0.23529412
v 0.05774640 -0.11717500 0.03584250 0.29019608 0.23921569 0.23529412
v 0.05717070 -0.15184700 0.01037560 0.28235294 0.23137255 0.22352941
v 0.05717070 -0.15184700 0.01037560 0.28235294 0.23137255 0.22352941
v 0.05717070 -0.15184700 0.01037560 0.28235294 0.23137255 0.22352941
v 0.05717070 -0.15184700 0.01037560 0.28235294 0.23137255 0.22352941
v 0.08221930 -0.15186100 0.01295890 0.60784314 0.57254902 0.63529412
v 0.08221930 -0.15186100 0.01295890 0.60784314 0.57254902 0.63529412
v 0.08221930 -0.15186100 0.01295890 0.60784314 0.57254902 0.63529412
v 0.08221930 -0.15186100 0.01295890 0.60784314 0.57254902 0.63529412
v 0.08242890 -0.11722800 -0.01269120 0.79607843 0.76862745 0.82745098
v 0.08242890 -0.11722800 -0.01269120 0.79607843 0.76862745 0.82745098
v 0.08242890 -0.11722800 -0.01269120 0.79607843 0.76862745 0.82745098
v 0.08242890 -0.11722800 -0.01269120 0.79607843 0.76862745 0.82745098
v 0.05741290 -0.08261730 -0.00995379 0.93333333 0.90588235 0.96470588
v 0.05741290 -0.08261730 -0.00995379 0.93333333 0.90588235 0.96470588
v 0.05741290 -0.08261730 -0.00995379 0.93333333 0.90588235 0.96470588
v 0.05741290 -0.08261730 -0.00995379 0.93333333 0.90588235 0.96470588
v 0.05760000 -0.04807980 -0.03586250 0.26666667 0.20784314 0.23529412
v 0.05760000 -0.04807980 -0.03586250 0.26666667 0.20784314 0.23529412
v 0.05760000 -0.04807980 -0.03586250 0.26666667 0.20784314 0.23529412
v 0.05760000 -0.04807980 -0.03586250 0.26666667 0.20784314 0.23529412
v 0.01914460 -0.01360610 -0.03497400 0.43137255 0.40784314 0.51372549
v 0.01914460 -0.01360610 -0.03497400 0.43137255 0.40784314 0.51372549
v 0.01914460 -0.01360610 -0.03497400 0.43137255 0.40784314 0.51372549
v 0.01914460 -0.01360610 -0.03497400 0.43137255 0.40784314 0.51372549
v -0.01927940 0.02083920 -0.03497400 0.37647059 0.34117647 0.38823529
v -0.01927940 0.02083920 -0.03497400 0.37647059 0.34117647 0.38823529
v -0.01927940 0.02083920 -0.03497400 0.37647059 0.34117647 0.38823529
v -0.01927940 0.02083920 -0.03497400 0.37647059 0.34117647 0.38823529
v -0.05756610 0.05523690 -0.03563970 0.22352941 0.19215686 0.22352941
v -0.05756610 0.05523690 -0.03563970 0.22352941 0.19215686 0.22352941
v -0.05756610 0.05523690 -0.03563970 0.22352941 0.19215686 0.22352941
v -0.05756610 0.05523690 -0.03563970 0.22352941 0.19215686 0.22352941
v -0.05711170 0.08961310 -0.01075150 0.55294118 0.55686275 0.55294118
v -0.05711170 0.08961310 -0.01075150 0.55294118 0.55686275 0.55294118
v -0.05711170 0.08961310 -0.01075150 0.55294118 0.55686275 0.55294118
v -0.05711170 0.08961310 -0.01075150 0.55294118 0.55686275 0.55294118
v -0.08269120 0.08962390 -0.01290600 0.69803922 0.66666667 0.68235294
v -0.08269120 0.08962390 -0.01290600 0.69803922 0.66666667 0.68235294
v -0.08269120 0.08962390 -0.01290600 0.69803922 0.66666667 0.68235294
v -0.08269120 0.08962390 -0.01290600 0.69803922 0.66666667 0.68235294
v -0.08229650 0.05526750 0.01361560 0.70980392 0.66666667 0.67843137
v -0.08229650 0.05526750 0.01361560 0.70980392 0.66666667 0.67843137
v -0.08229650 0.05526750 0.01361560 0.70980392 0.66666667 0.67843137
v -0.08229650 0.05526750 0.01361560 0.70980392 0.66666667 0.67843137
v -0.00008232 -0.08440610 0.01165800 0.39607843 0.35686275 0.42745098
v -0.00008232 -0.08440610 0.01165800 0.39607843 0.35686275 0.42745098
v -0.00008232 -0.08440610 0.01165800 0.39607843 0.35686275 0.42745098
v -0.00008232 -0.08440610 0.01165800 0.39607843 0.35686275 0.42745098
v -0.03495650 -0.05009600 0.01236650 0.78039216 0.74509804 0.83921569
v -0.03495650 -0.05009600 0.01236650 0.78039216 0.74509804 0.83921569
v -0.03495650 -0.05009600 0.01236650 0.78039216 0.74509804 0.83921569
v -0.03495650 -0.05009600 0.01236650 0.78039216 0.74509804 0.83921569
v -0.03495420 -0.01586880 -0.01282140 0.39607843 0.38431373 0.45098039
v -0.03495420 -0.01586880 -0.01282140 0.39607843 0.38431373 0.45098039
v -0.03495420 -0.01586880 -0.01282140 0.39607843 0.38431373 0.45098039
v -0.03495420 -0.01586880 -0.01282140 0.39607843 0.38431373 0.45098039
v -0.00000049 -0.01589330 -0.01165800 0.54509804 0.52156863 0.57647059
v -0.00000049 -0.01589330 -0.01165800 0.54509804 0.52156863 0.57647059
v -0.00000049 -0.01589330 -0.01165800 0.54509804 0.52156863 0.57647059
v -0.00000049 -0.01589330 -0.01165800 0.54509804 0.52156863 0.57647059
v 0.03495730 -0.05010980 -0.01244200 0.63921569 0.59215686 0.66274510
v 0.03495730 -0.05010980 -0.01244200 0.63921569 0.59215686 0.66274510
v 0.03495730 -0.05010980 -0.01244200 0.63921569 0.59215686 0.66274510
v 0.03495730 -0.05010980 -0.01244200 0.63921569 0.59215686 0.66274510
v 0.03494110 -0.08439060 0.01284280 0.26666667 0.20784314 0.23529412
v 0.03494110 -0.08439060 0.01284280 0.26666667 0.20784314 0.23529412
v 0.03494110 -0.08439060 0.01284280 0.26666667 0.20784314 0.23529412
v 0.03494110 -0.08439060 0.01284280 0.26666667 0.20784314 0.23529412
v -0.05741530 0.05526990 0.01005710 0.22352941 0.20784314 0.25882353
v -0.05741530 0.05526990 0.01005710 0.22352941 0.20784314 0.25882353
v -0.05741530 0.05526990 0.01005710 0.22352941 0.20784314 0.25882353
v -0.05741530 0.05526990 0.01005710 0.22352941 0.20784314 0.25882353
v -0.05775690 0.02092080 0.03568560 0.35686275 0.35294118 0.38823529
v -0.05775690 0.02092080 0.03568560 0.35686275 0.35294118 0.38823529
v -0.05775690 0.02092080 0.03568560 0.35686275 0.35294118 0.38823529
v -0.05775690 0.02092080 0.03568560 0.35686275 0.35294118 0.38823529
v -0.01932980 -0.01346760 0.03497400 0.38823529 0.35686275 0.43137255
v -0.01932980 -0.01346760 0.03497400 0.38823529 0.35686275 0.43137255
v -0.01932980 -0.01346760 0.03497400 0.38823529 0.35686275 0.43137255
v -0.01932980 -0.01346760 0.03497400 0.38823529 0.35686275 0.43137255
v 0.01925790 -0.04794860 0.03497400 0.38823529 0.38039216 0.47058824
v 0.01925790 -0.04794860 0.03497400 0.38823529 0.38039216 0.47058824
v 0.01925790 -0.04794860 0.03497400 0.38823529 0.38039216 0.47058824
v 0.01925790 -0.04794860 0.03497400 0.38823529 0.38039216 0.47058824
v 0.05774840 -0.08256090 0.03596660 0.25882353 0.21176471 0.24705882
v 0.05774840 -0.08256090 0.03596660 0.25882353 0.21176471 0.24705882
v 0.05774840 -0.08256090 0.03596660 0.25882353 0.21176471 0.24705882
v 0.05774840 -0.08256090 0.03596660 0.25882353 0.21176471 0.24705882
v 0.05698940 -0.11719900 0.01076890 0.29019608 0.23921569 0.23529412
v 0.05698940 -0.11719900 0.01076890 0.29019608 0.23921569 0.23529412
v 0.05698940 -0.11719900 0.01076890 0.29019608 0.23921569 0.23529412
v 0.05698940 -0.11719900 0.01076890 0.29019608 0.23921569 0.23529412
v 0.08199380 -0.11722000 0.01371240 0.79607843 0.76862745 0.82745098
v 0.08199380 -0.11722000 0.01371240 0.79607843 0.76862745 0.82745098
v 0.08199380 -0.11722000 0.01371240 0.79607843 0.76862745 0.82745098
v 0.08199380 -0.11722000 0.01371240 0.79607843 0.76862745 0.82745098
v 0.08354040 -0.08261340 -0.01231590 0.80784314 0.74509804 0.80784314
v 0.08354040 -0.08261340 -0.01231590 0.80784314 0.74509804 0.80784314
v 0.08354040 -0.08261340 -0.01231590 0.80784314 0.74509804 0.80784314
v 0.08354040 -0.08261340 -0.01231590 0.80784314 0.74509804 0.80784314
v 0.05616940 -0.04807340 -0.01133680 0.92549020 0.88627451 0.95686275
v 0.05616940 -0.04807340 -0.01133680 0.92549020 0.88627451 0.95686275
v 0.05616940 -0.04807340 -0.01133680 0.92549020 0.88627451 0.95686275
v 0.05616940 -0.04807340 -0.01133680 0.92549020 0.88627451 0.95686275
v 0.05762960 -0.01360930 -0.03593230 0.39607843 0.38039216 0.49411765
v 0.05762960 -0.01360930 -0.03593230 0.39607843 0.38039216 0.49411765
v 0.05762960 -0.01360930 -0.03593230 0.39607843 0.38039216 0.49411765
v 0.05762960 -0.01360930 -0.03593230 0.39607843 0.38039216 0.49411765
v 0.01916740 0.02082470 -0.03497400 0.42352941 0.40784314 0.52156863
v 0.01916740 0.02082470 -0.03497400 0.42352941 0.40784314 0.52156863
v 0.01916740 0.02082470 -0.03497400 0.42352941 0.40784314 0.52156863
v 0.01916740 0.02082470 -0.03497400 0.42352941 0.40784314 0.52156863
v -0.01918650 0.05524580 -0.03497400 0.38823529 0.36470588 0.41960784
v -0.01918650 0.05524580 -0.03497400 0.38823529 0.36470588 0.41960784
v -0.01918650 0.05524580 -0.03497400 0.38823529 0.36470588 0.41960784
v -0.01918650 0.05524580 -0.03497400 0.38823529 0.36470588 0.41960784
v -0.05774440 0.08961490 -0.03596710 0.52941176 0.51372549 0.52941176
v -0.05774440 0.08961490 -0.03596710 0.52941176 0.51372549 0.52941176
v -0.05774440 0.08961490 -0.03596710 0.52941176 0.51372549 0.52941176
v -0.05774440 0.08961490 -0.03596710 0.52941176 0.51372549 0.52941176
v -0.05716990 0.12400400 -0.01061650 0.41960784 0.44313725 0.48235294
v -0.05716990 0.12400400 -0.01061650 0.41960784 0.44313725 0.48235294
v -0.05716990 0.12400400 -0.01061650 0.41960784 0.44313725 0.48235294
v -0.05716990 0.12400400 -0.01061650 0.41960784 0.44313725 0.48235294
v -0.08301730 0.12401600 -0.01269860 0.70980392 0.71764706 0.74117647
v -0.08301730 0.12401600 -0.01269860 0.70980392 0.71764706 0.74117647
v -0.08301730 0.12401600 -0.01269860 0.70980392 0.71764706 0.74117647
v -0.08301730 0.12401600 -0.01269860 0.70980392 0.71764706 0.74117647
v -0.08316430 0.08964150 0.01246690 0.69411765 0.65882353 0.67058824
v -0.08316430 0.08964150 0.01246690 0.69411765 0.65882353 0.67058824
v -0.08316430 0.08964150 0.01246690 0.69411765 0.65882353 0.67058824
v -0.08316430 0.08964150 0.01246690 0.69411765 0.65882353 0.67058824
v -0.00002255 -0.05011910 0.01165800 0.41960784 0.37254902 0.48235294
v -0.00002255 -0.05011910 0.01165800 0.41960784 0.37254902 0.48235294
v -0.00002255 -0.05011910 0.01165800 0.41960784 0.37254902 0.48235294
v -0.00002255 -0.05011910 0.01165800 0.41960784 0.37254902 0.48235294
v -0.03495410 -0.01586910 0.01246900 0.46274510 0.45490196 0.52549020
v -0.03495410 -0.01586910 0.01246900 0.46274510 0.45490196 0.52549020
v -0.03495410 -0.01586910 0.01246900 0.46274510 0.45490196 0.52549020
v -0.03495410 -0.01586910 0.01246900 0.46274510 0.45490196 0.52549020
v -0.03494810 0.01831480 -0.01266850 0.38823529 0.38823529 0.43529412
v -0.03494810 0.01831480 -0.01266850 0.38823529 0.38823529 0.43529412
v -0.03494810 0.01831480 -0.01266850 0.38823529 0.38823529 0.43529412
v -0.03494810 0.01831480 -0.01266850 0.38823529 0.38823529 0.43529412
v 0.00000384 0.01828590 -0.01165800 0.38823529 0.35686275 0.43921569
v 0.00000384 0.01828590 -0.01165800 0.38823529 0.35686275 0.43921569
v 0.00000384 0.01828590 -0.01165800 0.38823529 0.35686275 0.43921569
v 0.00000384 0.01828590 -0.01165800 0.38823529 0.35686275 0.43921569
v 0.03495970 -0.01587680 -0.01249460 0.37647059 0.35294118 0.42745098
v 0.03495970 -0.01587680 -0.01249460 0.37647059 0.35294118 0.42745098
v 0.03495970 -0.01587680 -0.01249460 0.37647059 0.35294118 0.42745098
v 0.03495970 -0.01587680 -0.01249460 0.37647059 0.35294118 0.42745098
v 0.03494870 -0.05009450 0.01254440 0.39215686 0.38431373 0.47450980
v 0.03494870 -0.05009450 0.01254440 0.39215686 0.38431373 0.47450980
v 0.03494870 -0.05009450 0.01254440 0.39215686 0.38431373 0.47450980
v 0.03494870 -0.05009450 0.01254440 0.39215686 0.38431373 0.47450980
v -0.05704760 0.08964750 0.01028990 0.35294118 0.34901961 0.35294118
v -0.05704760 0.08964750 0.01028990 0.35294118 0.34901961 0.35294118
v -0.05704760 0.08964750 0.01028990 0.35294118 0.34901961 0.35294118
v -0.05704760 0.08964750 0.01028990 0.35294118 0.34901961 0.35294118
v -0.05771300 0.05528790 0.03580120 0.22352941 0.20784314 0.25882353
v -0.05771300 0.05528790 0.03580120 0.22352941 0.20784314 0.25882353
v -0.05771300 0.05528790 0.03580120 0.22352941 0.20784314 0.25882353
v -0.05771300 0.05528790 0.03580120 0.22352941 0.20784314 0.25882353
v -0.01931140 0.02092440 0.03497400 0.41960784 0.38431373 0.47058824
v -0.01931140 0.02092440 0.03497400 0.41960784 0.38431373 0.47058824
v -0.01931140 0.02092440 0.03497400 0.41960784 0.38431373 0.47058824
v -0.01931140 0.02092440 0.03497400 0.41960784 0.38431373 0.47058824
v 0.01912630 -0.01349840 0.03497400 0.41176471 0.38431373 0.47450980
v 0.01912630 -0.01349840 0.03497400 0.41176471 0.38431373 0.47450980
v 0.01912630 -0.01349840 0.03497400 0.41176471 0.38431373 0.47450980
v 0.01912630 -0.01349840 0.03497400 0.41176471 0.38431373 0.47450980
v 0.05773260 -0.04800590 0.03570130 0.25882353 0.21176471 0.24313725
v 0.05773260 -0.04800590 0.03570130 0.25882353 0.21176471 0.24313725
v 0.05773260 -0.04800590 0.03570130 0.25882353 0.21176471 0.24313725
v 0.05773260 -0.04800590 0.03570130 0.25882353 0.21176471 0.24313725
v 0.05642370 -0.08258060 0.01101210 0.25882353 0.21176471 0.24705882
v 0.05642370 -0.08258060 0.01101210 0.25882353 0.21176471 0.24705882
v 0.05642370 -0.08258060 0.01101210 0.25882353 0.21176471 0.24705882
v 0.05642370 -0.08258060 0.01101210 0.25882353 0.21176471 0.24705882
v 0.08310560 -0.08259720 0.01246600 0.80784314 0.74509804 0.80784314
v 0.08310560 -0.08259720 0.01246600 0.80784314 0.74509804 0.80784314
v 0.08310560 -0.08259720 0.01246600 0.80784314 0.74509804 0.80784314
v 0.08310560 -0.08259720 0.01246600 0.80784314 0.74509804 0.80784314
v 0.08250840 -0.04806150 -0.01288060 0.93333333 0.90588235 0.96470588
v 0.08250840 -0.04806150 -0.01288060 0.93333333 0.90588235 0.96470588
v 0.08250840 -0.04806150 -0.01288060 0.93333333 0.90588235 0.96470588
v 0.08250840 -0.04806150 -0.01288060 0.93333333 0.90588235 0.96470588
v 0.05627360 -0.01360070 -0.01110650 0.74117647 0.71372549 0.77647059
v 0.05627360 -0.01360070 -0.01110650 0.74117647 0.71372549 0.77647059
v 0.05627360 -0.01360070 -0.01110650 0.74117647 0.71372549 0.77647059
v 0.05627360 -0.01360070 -0.01110650 0.74117647 0.71372549 0.77647059
v 0.05766160 0.02081610 -0.03604680 0.37647059 0.34117647 0.43921569
v 0.05766160 0.02081610 -0.03604680 0.37647059 0.34117647 0.43921569
v 0.05766160 0.02081610 -0.03604680 0.37647059 0.34117647 0.43921569
v 0.05766160 0.02081610 -0.03604680 0.37647059 0.34117647 0.43921569
v 0.01922300 0.05525760 -0.03497400 0.77254902 0.67843137 0.80392157
v 0.01922300 0.05525760 -0.03497400 0.77254902 0.67843137 0.80392157
v 0.01922300 0.05525760 -0.03497400 0.77254902 0.67843137 0.80392157
v 0.01922300 0.05525760 -0.03497400 0.77254902 0.67843137 0.80392157
v -0.01904470 0.08967740 -0.03497400 0.41960784 0.38039216 0.44705882
v -0.01904470 0.08967740 -0.03497400 0.41960784 0.38039216 0.44705882
v -0.01904470 0.08967740 -0.03497400 0.41960784 0.38039216 0.44705882
v -0.01904470 0.08967740 -0.03497400 0.41960784 0.38039216 0.44705882
v -0.05739120 0.12402800 -0.03547870 0.41568627 0.37647059 0.41568627
v -0.05739120 0.12402800 -0.03547870 0.41568627 0.37647059 0.41568627
v -0.05739120 0.12402800 -0.03547870 0.41568627 0.37647059 0.41568627
v -0.05739120 0.12402800 -0.03547870 0.41568627 0.37647059 0.41568627
v -0.05690710 0.15844100 -0.01035600 0.37254902 0.36862745 0.40392157
v -0.05690710 0.15844100 -0.01035600 0.37254902 0.36862745 0.40392157
v -0.05690710 0.15844100 -0.01035600 0.37254902 0.36862745 0.40392157
v -0.05690710 0.15844100 -0.01035600 0.37254902 0.36862745 0.40392157
v -0.08253350 0.15845300 -0.01284700 0.73725490 0.74117647 0.76862745
v -0.08253350 0.15845300 -0.01284700 0.73725490 0.74117647 0.76862745
v -0.08253350 0.15845300 -0.01284700 0.73725490 0.74117647 0.76862745
v -0.08253350 0.15845300 -0.01284700 0.73725490 0.74117647 0.76862745
v -0.08230250 0.12403900 0.01368070 0.69803922 0.70196078 0.72941176
v -0.08230250 0.12403900 0.01368070 0.69803922 0.70196078 0.72941176
v -0.08230250 0.12403900 0.01368070 0.69803922 0.70196078 0.72941176
v -0.08230250 0.12403900 0.01368070 0.69803922 0.70196078 0.72941176
v -0.00000455 -0.01589410 0.01165800 0.38823529 0.35686275 0.43137255
v -0.00000455 -0.01589410 0.01165800 0.38823529 0.35686275 0.43137255
v -0.00000455 -0.01589410 0.01165800 0.38823529 0.35686275 0.43137255
v -0.00000455 -0.01589410 0.01165800 0.38823529 0.35686275 0.43137255
v -0.03495830 0.01830120 0.01246760 0.56470588 0.55686275 0.60392157
v -0.03495830 0.01830120 0.01246760 0.56470588 0.55686275 0.60392157
v -0.03495830 0.01830120 0.01246760 0.56470588 0.55686275 0.60392157
v -0.03495830 0.01830120 0.01246760 0.56470588 0.55686275 0.60392157
v -0.03494890 0.05246040 -0.01250660 0.29803922 0.27058824 0.32156863
v -0.03494890 0.05246040 -0.01250660 0.29803922 0.27058824 0.32156863
v -0.03494890 0.05246040 -0.01250660 0.29803922 0.27058824 0.32156863
v -0.03494890 0.05246040 -0.01250660 0.29803922 0.27058824 0.32156863
v 0.00000547 0.05239890 -0.01165800 0.34901961 0.31372549 0.34901961
v 0.00000547 0.05239890 -0.01165800 0.34901961 0.31372549 0.34901961
v 0.00000547 0.05239890 -0.01165800 0.34901961 0.31372549 0.34901961
v 0.00000547 0.05239890 -0.01165800 0.34901961 0.31372549 0.34901961
v 0.03495580 0.01829550 -0.01235080 0.38431373 0.34901961 0.41960784
v 0.03495580 0.01829550 -0.01235080 0.38431373 0.34901961 0.41960784
v 0.03495580 0.01829550 -0.01235080 0.38431373 0.34901961 0.41960784
v 0.03495580 0.01829550 -0.01235080 0.38431373 0.34901961 0.41960784
v 0.03495670 -0.01587680 0.01279970 0.36470588 0.33333333 0.39607843
v 0.03495670 -0.01587680 0.01279970 0.36470588 0.33333333 0.39607843
v 0.03495670 -0.01587680 0.01279970 0.36470588 0.33333333 0.39607843
v 0.03495670 -0.01587680 0.01279970 0.36470588 0.33333333 0.39607843
v -0.05622840 0.12407500 0.01115190 0.51764706 0.49411765 0.54901961
v -0.05622840 0.12407500 0.01115190 0.51764706 0.49411765 0.54901961
v -0.05622840 0.12407500 0.01115190 0.51764706 0.49411765 0.54901961
v -0.05622840 0.12407500 0.01115190 0.51764706 0.49411765 0.54901961
v -0.05756680 0.08969100 0.03580100 0.35294118 0.34901961 0.35294118
v -0.05756680 0.08969100 0.03580100 0.35294118 0.34901961 0.35294118
v -0.05756680 0.08969100 0.03580100 0.35294118 0.34901961 0.35294118
v -0.05756680 0.08969100 0.03580100 0.35294118 0.34901961 0.35294118
v -0.01917170 0.05532390 0.03497400 0.38823529 0.36470588 0.41960784
v -0.01917170 0.05532390 0.03497400 0.38823529 0.36470588 0.41960784
v -0.01917170 0.05532390 0.03497400 0.38823529 0.36470588 0.41960784
v -0.01917170 0.05532390 0.03497400 0.38823529 0.36470588 0.41960784
v 0.01909860 0.02091950 0.03497400 0.45098039 0.42352941 0.50980392
v 0.01909860 0.02091950 0.03497400 0.45098039 0.42352941 0.50980392
v 0.01909860 0.02091950 0.03497400 0.45098039 0.42352941 0.50980392
v 0.01909860 0.02091950 0.03497400 0.45098039 0.42352941 0.50980392
v 0.05756780 -0.01351860 0.03560750 0.41960784 0.40000000 0.47058824
v 0.05756780 -0.01351860 0.03560750 0.41960784 0.40000000 0.47058824
v 0.05756780 -0.01351860 0.03560750 0.41960784 0.40000000 0.47058824
v 0.05756780 -0.01351860 0.03560750 0.41960784 0.40000000 0.47058824
v 0.05732210 -0.04802530 0.01043150 0.25882353 0.21176471 0.24313725
v 0.05732210 -0.04802530 0.01043150 0.25882353 0.21176471 0.24313725
v 0.05732210 -0.04802530 0.01043150 0.25882353 0.21176471 0.24313725
v 0.05732210 -0.04802530 0.01043150 0.25882353 0.21176471 0.24313725
v 0.08282510 -0.04804380 0.01262480 0.93333333 0.90588235 0.96470588
v 0.08282510 -0.04804380 0.01262480 0.93333333 0.90588235 0.96470588
v 0.08282510 -0.04804380 0.01262480 0.93333333 0.90588235 0.96470588
v 0.08282510 -0.04804380 0.01262480 0.93333333 0.90588235 0.96470588
v 0.08367370 -0.01357850 -0.01241690 0.85882353 0.81568627 0.89411765
v 0.08367370 -0.01357850 -0.01241690 0.85882353 0.81568627 0.89411765
v 0.08367370 -0.01357850 -0.01241690 0.85882353 0.81568627 0.89411765
v 0.08367370 -0.01357850 -0.01241690 0.85882353 0.81568627 0.89411765
v 0.05729420 0.02083860 -0.01046820 0.59607843 0.52941176 0.63137255
v 0.05729420 0.02083860 -0.01046820 0.59607843 0.52941176 0.63137255
v 0.05729420 0.02083860 -0.01046820 0.59607843 0.52941176 0.63137255
v 0.05729420 0.02083860 -0.01046820 0.59607843 0.52941176 0.63137255
v 0.05745260 0.05525220 -0.03514830 0.35294118 0.29019608 0.35294118
v 0.05745260 0.05525220 -0.03514830 0.35294118 0.29019608 0.35294118
v 0.05745260 0.05525220 -0.03514830 0.35294118 0.29019608 0.35294118
v 0.05745260 0.05525220 -0.03514830 0.35294118 0.29019608 0.35294118
v 0.01944690 0.08973950 -0.03497400 0.84705882 0.76862745 0.90196078
v 0.01944690 0.08973950 -0.03497400 0.84705882 0.76862745 0.90196078
v 0.01944690 0.08973950 -0.03497400 0.84705882 0.76862745 0.90196078
v 0.01944690 0.08973950 -0.03497400 0.84705882 0.76862745 0.90196078
v -0.01873070 0.12416500 -0.03497400 0.45098039 0.41568627 0.50980392
v -0.01873070 0.12416500 -0.03497400 0.45098039 0.41568627 0.50980392
v -0.01873070 0.12416500 -0.03497400 0.45098039 0.41568627 0.50980392
v -0.01873070 0.12416500 -0.03497400 0.45098039 0.41568627 0.50980392
v -0.05759120 0.15847200 -0.03578360 0.38039216 0.34117647 0.38039216
v -0.05759120 0.15847200 -0.03578360 0.38039216 0.34117647 0.38039216
v -0.05759120 0.15847200 -0.03578360 0.38039216 0.34117647 0.38039216
v -0.05759120 0.15847200 -0.03578360 0.38039216 0.34117647 0.38039216
v -0.05728940 0.19290800 -0.01050190 0.33725490 0.30980392 0.33725490
v -0.05728940 0.19290800 -0.01050190 0.33725490 0.30980392 0.33725490
v -0.05728940 0.19290800 -0.01050190 0.33725490 0.30980392 0.33725490
v -0.05728940 0.19290800 -0.01050190 0.33725490 0.30980392 0.33725490
v -0.08281040 0.19295700 -0.01268530 0.72156863 0.69803922 0.72156863
v -0.08281040 0.19295700 -0.01268530 0.72156863 0.69803922 0.72156863
v -0.08281040 0.19295700 -0.01268530 0.72156863 0.69803922 0.72156863
v -0.08281040 0.19295700 -0.01268530 0.72156863 0.69803922 0.72156863
v -0.08288240 0.15849000 0.01285610 0.70980392 0.71764706 0.74117647
v -0.08288240 0.15849000 0.01285610 0.70980392 0.71764706 0.74117647
v -0.08288240 0.15849000 0.01285610 0.70980392 0.71764706 0.74117647
v -0.08288240 0.15849000 0.01285610 0.70980392 0.71764706 0.74117647
v -0.00001029 0.01827230 0.01165800 0.41960784 0.38431373 0.47058824
v -0.00001029 0.01827230 0.01165800 0.41960784 0.38431373 0.47058824
v -0.00001029 0.01827230 0.01165800 0.41960784 0.38431373 0.47058824
v -0.00001029 0.01827230 0.01165800 0.41960784 0.38431373 0.47058824
v -0.03496450 0.05244680 0.01258320 0.65882353 0.65098039 0.69411765
v -0.03496450 0.05244680 0.01258320 0.65882353 0.65098039 0.69411765
v -0.03496450 0.05244680 0.01258320 0.65882353 0.65098039 0.69411765
v -0.03496450 0.05244680 0.01258320 0.65882353 0.65098039 0.69411765
v -0.03495060 0.08650470 -0.01269820 0.22352941 0.19215686 0.22352941
v -0.03495060 0.08650470 -0.01269820 0.22352941 0.19215686 0.22352941
v -0.03495060 0.08650470 -0.01269820 0.22352941 0.19215686 0.22352941
v -0.03495060 0.08650470 -0.01269820 0.22352941 0.19215686 0.22352941
v 0.00000327 0.08637510 -0.01165800 0.38823529 0.36470588 0.41960784
v 0.00000327 0.08637510 -0.01165800 0.38823529 0.36470588 0.41960784
v 0.00000327 0.08637510 -0.01165800 0.38823529 0.36470588 0.41960784
v 0.00000327 0.08637510 -0.01165800 0.38823529 0.36470588 0.41960784
v 0.03495600 0.05243080 -0.01255710 0.30980392 0.25490196 0.30980392
v 0.03495600 0.05243080 -0.01255710 0.30980392 0.25490196 0.30980392
v 0.03495600 0.05243080 -0.01255710 0.30980392 0.25490196 0.30980392
v 0.03495600 0.05243080 -0.01255710 0.30980392 0.25490196 0.30980392
v 0.03494840 0.01828450 0.01266330 0.38823529 0.35294118 0.42745098
v 0.03494840 0.01828450 0.01266330 0.38823529 0.35294118 0.42745098
v 0.03494840 0.01828450 0.01266330 0.38823529 0.35294118 0.42745098
v 0.03494840 0.01828450 0.01266330 0.38823529 0.35294118 0.42745098
v -0.05713280 0.15854600 0.01053160 0.52549020 0.46274510 0.52156863
v -0.05713280 0.15854600 0.01053160 0.52549020 0.46274510 0.52156863
v -0.05713280 0.15854600 0.01053160 0.52549020 0.46274510 0.52156863
v -0.05713280 0.15854600 0.01053160 0.52549020 0.46274510 0.52156863
v -0.05757320 0.12416100 0.03588850 0.51764706 0.49411765 0.54901961
v -0.05757320 0.12416100 0.03588850 0.51764706 0.49411765 0.54901961
v -0.05757320 0.12416100 0.03588850 0.51764706 0.49411765 0.54901961
v -0.05757320 0.12416100 0.03588850 0.51764706 0.49411765 0.54901961
v -0.01900350 0.08976900 0.03497400 0.40000000 0.37254902 0.43529412
v -0.01900350 0.08976900 0.03497400 0.40000000 0.37254902 0.43529412
v -0.01900350 0.08976900 0.03497400 0.40000000 0.37254902 0.43529412
v -0.01900350 0.08976900 0.03497400 0.40000000 0.37254902 0.43529412
v 0.01926650 0.05534020 0.03497400 0.77254902 0.67843137 0.80392157
v 0.01926650 0.05534020 0.03497400 0.77254902 0.67843137 0.80392157
v 0.01926650 0.05534020 0.03497400 0.77254902 0.67843137 0.80392157
v 0.01926650 0.05534020 0.03497400 0.77254902 0.67843137 0.80392157
v 0.05728500 0.02091360 0.03536950 0.37647059 0.35294118 0.42745098
v 0.05728500 0.02091360 0.03536950 0.37647059 0.35294118 0.42745098
v 0.05728500 0.02091360 0.03536950 0.37647059 0.35294118 0.42745098
v 0.05728500 0.02091360 0.03536950 0.37647059 0.35294118 0.42745098
v 0.05592970 -0.01353380 0.01094590 0.41960784 0.40000000 0.47058824
v 0.05592970 -0.01353380 0.01094590 0.41960784 0.40000000 0.47058824
v 0.05592970 -0.01353380 0.01094590 0.41960784 0.40000000 0.47058824
v 0.05592970 -0.01353380 0.01094590 0.41960784 0.40000000 0.47058824
v 0.08262920 -0.01355420 0.01287620 0.85882353 0.81568627 0.89411765
v 0.08262920 -0.01355420 0.01287620 0.85882353 0.81568627 0.89411765
v 0.08262920 -0.01355420 0.01287620 0.85882353 0.81568627 0.89411765
v 0.08262920 -0.01355420 0.01287620 0.85882353 0.81568627 0.89411765
v 0.08355320 0.02086070 -0.01238230 0.74117647 0.71372549 0.77647059
v 0.08355320 0.02086070 -0.01238230 0.74117647 0.71372549 0.77647059
v 0.08355320 0.02086070 -0.01238230 0.74117647 0.71372549 0.77647059
v 0.08355320 0.02086070 -0.01238230 0.74117647 0.71372549 0.77647059
v 0.05653200 0.05527830 -0.01065340 0.35686275 0.29019608 0.32549020
v 0.05653200 0.05527830 -0.01065340 0.35686275 0.29019608 0.32549020
v 0.05653200 0.05527830 -0.01065340 0.35686275 0.29019608 0.32549020
v 0.05653200 0.05527830 -0.01065340 0.35686275 0.29019608 0.32549020
v 0.05778950 0.08974670 -0.03580300 0.32156863 0.27058824 0.32156863
v 0.05778950 0.08974670 -0.03580300 0.32156863 0.27058824 0.32156863
v 0.05778950 0.08974670 -0.03580300 0.32156863 0.27058824 0.32156863
v 0.05778950 0.08974670 -0.03580300 0.32156863 0.27058824 0.32156863
v 0.01976440 0.12433000 -0.03497400 0.83921569 0.82745098 0.87058824
v 0.01976440 0.12433000 -0.03497400 0.83921569 0.82745098 0.87058824
v 0.01976440 0.12433000 -0.03497400 0.83921569 0.82745098 0.87058824
v 0.01976440 0.12433000 -0.03497400 0.83921569 0.82745098 0.87058824
v -0.01832570 0.15870600 -0.03497400 0.49411765 0.46274510 0.56078431
v -0.01832570 0.15870600 -0.03497400 0.49411765 0.46274510 0.56078431
v -0.01832570 0.15870600 -0.03497400 0.49411765 0.46274510 0.56078431
v -0.01832570 0.15870600 -0.03497400 0.49411765 0.46274510 0.56078431
v -0.05748620 0.19290900 -0.03593890 0.40392157 0.34117647 0.37254902
v -0.05748620 0.19290900 -0.03593890 0.40392157 0.34117647 0.37254902
v -0.05748620 0.19290900 -0.03593890 0.40392157 0.34117647 0.37254902
v -0.05748620 0.19290900 -0.03593890 0.40392157 0.34117647 0.37254902
v -0.05684190 0.22739900 -0.01074320 0.61176471 0.58823529 0.63921569
v -0.05684190 0.22739900 -0.01074320 0.61176471 0.58823529 0.63921569
v -0.05684190 0.22739900 -0.01074320 0.61176471 0.58823529 0.63921569
v -0.05684190 0.22739900 -0.01074320 0.61176471 0.58823529 0.63921569
v -0.08285430 0.22755000 -0.01235820 0.63137255 0.61568627 0.63921569
v -0.08285430 0.22755000 -0.01235820 0.63137255 0.61568627 0.63921569
v -0.08285430 0.22755000 -0.01235820 0.63137255 0.61568627 0.63921569
v -0.08285430 0.22755000 -0.01235820 0.63137255 0.61568627 0.63921569
v -0.08304910 0.19303800 0.01274950 0.78039216 0.76078431 0.77254902
v -0.08304910 0.19303800 0.01274950 0.78039216 0.76078431 0.77254902
v -0.08304910 0.19303800 0.01274950 0.78039216 0.76078431 0.77254902
v -0.08304910 0.19303800 0.01274950 0.78039216 0.76078431 0.77254902
v -0.00002542 0.05237640 0.01165800 0.38823529 0.36470588 0.41960784
v -0.00002542 0.05237640 0.01165800 0.38823529 0.36470588 0.41960784
v -0.00002542 0.05237640 0.01165800 0.38823529 0.36470588 0.41960784
v -0.00002542 0.05237640 0.01165800 0.38823529 0.36470588 0.41960784
v -0.03497290 0.08648000 0.01254620 0.55294118 0.52156863 0.58431373
v -0.03497290 0.08648000 0.01254620 0.55294118 0.52156863 0.58431373
v -0.03497290 0.08648000 0.01254620 0.55294118 0.52156863 0.58431373
v -0.03497290 0.08648000 0.01254620 0.55294118 0.52156863 0.58431373
v -0.03495590 0.12035100 -0.01324790 0.39607843 0.38823529 0.42745098
v -0.03495590 0.12035100 -0.01324790 0.39607843 0.38823529 0.42745098
v -0.03495590 0.12035100 -0.01324790 0.39607843 0.38823529 0.42745098
v -0.03495590 0.12035100 -0.01324790 0.39607843 0.38823529 0.42745098
v 0.00000997 0.12009700 -0.01165800 0.43921569 0.40000000 0.49411765
v 0.00000997 0.12009700 -0.01165800 0.43921569 0.40000000 0.49411765
v 0.00000997 0.12009700 -0.01165800 0.43921569 0.40000000 0.49411765
v 0.00000997 0.12009700 -0.01165800 0.43921569 0.40000000 0.49411765
v 0.03495520 0.08642440 -0.01270180 0.31372549 0.27843137 0.31372549
v 0.03495520 0.08642440 -0.01270180 0.31372549 0.27843137 0.31372549
v 0.03495520 0.08642440 -0.01270180 0.31372549 0.27843137 0.31372549
v 0.03495520 0.08642440 -0.01270180 0.31372549 0.27843137 0.31372549
v 0.03493610 0.05241140 0.01218100 0.32156863 0.27058824 0.32156863
v 0.03493610 0.05241140 0.01218100 0.32156863 0.27058824 0.32156863
v 0.03493610 0.05241140 0.01218100 0.32156863 0.27058824 0.32156863
v 0.03493610 0.05241140 0.01218100 0.32156863 0.27058824 0.32156863
v -0.05723480 0.19312300 0.01045210 0.60392157 0.56078431 0.60000000
v -0.05723480 0.19312300 0.01045210 0.60392157 0.56078431 0.60000000
v -0.05723480 0.19312300 0.01045210 0.60392157 0.56078431 0.60000000
v -0.05723480 0.19312300 0.01045210 0.60392157 0.56078431 0.60000000
v -0.05755660 0.15866800 0.03608920 0.52549020 0.46274510 0.52156863
v -0.05755660 0.15866800 0.03608920 0.52549020 0.46274510 0.52156863
v -0.05755660 0.15866800 0.03608920 0.52549020 0.46274510 0.52156863
v -0.05755660 0.15866800 0.03608920 0.52549020 0.46274510 0.52156863
v -0.01881360 0.12430600 0.03497400 0.45098039 0.41568627 0.50980392
v -0.01881360 0.12430600 0.03497400 0.45098039 0.41568627 0.50980392
v -0.01881360 0.12430600 0.03497400 0.45098039 0.41568627 0.50980392
v -0.01881360 0.12430600 0.03497400 0.45098039 0.41568627 0.50980392
v 0.01942560 0.08983000 0.03497400 0.84705882 0.76862745 0.90196078
v 0.01942560 0.08983000 0.03497400 0.84705882 0.76862745 0.90196078
v 0.01942560 0.08983000 0.03497400 0.84705882 0.76862745 0.90196078
v 0.01942560 0.08983000 0.03497400 0.84705882 0.76862745 0.90196078
v 0.05762640 0.05532500 0.03572500 0.35294118 0.28235294 0.35294118
v 0.05762640 0.05532500 0.03572500 0.35294118 0.28235294 0.35294118
v 0.05762640 0.05532500 0.03572500 0.35294118 0.28235294 0.35294118
v 0.05762640 0.05532500 0.03572500 0.35294118 0.28235294 0.35294118
v 0.05749370 0.02090480 0.01001120 0.37647059 0.35294118 0.42745098
v 0.05749370 0.02090480 0.01001120 0.37647059 0.35294118 0.42745098
v 0.05749370 0.02090480 0.01001120 0.37647059 0.35294118 0.42745098
v 0.05749370 0.02090480 0.01001120 0.37647059 0.35294118 0.42745098
v 0.08237890 0.02088780 0.01357990 0.74117647 0.71372549 0.77647059
v 0.08237890 0.02088780 0.01357990 0.74117647 0.71372549 0.77647059
v 0.08237890 0.02088780 0.01357990 0.74117647 0.71372549 0.77647059
v 0.08237890 0.02088780 0.01357990 0.74117647 0.71372549 0.77647059
v 0.08267280 0.05529970 -0.01281420 0.57647059 0.41176471 0.49411765
v 0.08267280 0.05529970 -0.01281420 0.57647059 0.41176471 0.49411765
v 0.08267280 0.05529970 -0.01281420 0.57647059 0.41176471 0.49411765
v 0.08267280 0.05529970 -0.01281420 0.57647059 0.41176471 0.49411765
v 0.05711160 0.08978430 -0.01003650 0.71764706 0.67843137 0.73333333
v 0.05711160 0.08978430 -0.01003650 0.71764706 0.67843137 0.73333333
v 0.05711160 0.08978430 -0.01003650 0.71764706 0.67843137 0.73333333
v 0.05711160 0.08978430 -0.01003650 0.71764706 0.67843137 0.73333333
v 0.05786860 0.12440500 -0.03606870 0.43921569 0.41960784 0.50588235
v 0.05786860 0.12440500 -0.03606870 0.43921569 0.41960784 0.50588235
v 0.05786860 0.12440500 -0.03606870 0.43921569 0.41960784 0.50588235
v 0.05786860 0.12440500 -0.03606870 0.43921569 0.41960784 0.50588235
v 0.02034100 0.15907200 -0.03497400 0.85882353 0.81176471 0.87058824
v 0.02034100 0.15907200 -0.03497400 0.85882353 0.81176471 0.87058824
v 0.02034100 0.15907200 -0.03497400 0.85882353 0.81176471 0.87058824
v 0.02034100 0.15907200 -0.03497400 0.85882353 0.81176471 0.87058824
v -0.01735200 0.19319500 -0.03497400 0.56862745 0.56470588 0.62352941
v -0.01735200 0.19319500 -0.03497400 0.56862745 0.56470588 0.62352941
v -0.01735200 0.19319500 -0.03497400 0.56862745 0.56470588 0.62352941
v -0.01735200 0.19319500 -0.03497400 0.56862745 0.56470588 0.62352941
v -0.05653760 0.22727000 -0.03516630 0.82745098 0.81176471 0.83137255
v -0.05653760 0.22727000 -0.03516630 0.82745098 0.81176471 0.83137255
v -0.05653760 0.22727000 -0.03516630 0.82745098 0.81176471 0.83137255
v -0.05653760 0.22727000 -0.03516630 0.82745098 0.81176471 0.83137255
v -0.05707440 0.26187900 -0.01095570 0.46274510 0.41568627 0.51764706
v -0.05707440 0.26187900 -0.01095570 0.46274510 0.41568627 0.51764706
v -0.05707440 0.26187900 -0.01095570 0.46274510 0.41568627 0.51764706
v -0.05707440 0.26187900 -0.01095570 0.46274510 0.41568627 0.51764706
v -0.08309150 0.26221900 -0.01267480 0.45098039 0.42745098 0.49411765
v -0.08309150 0.26221900 -0.01267480 0.45098039 0.42745098 0.49411765
v -0.08309150 0.26221900 -0.01267480 0.45098039 0.42745098 0.49411765
v -0.08309150 0.26221900 -0.01267480 0.45098039 0.42745098 0.49411765
v -0.08288290 0.22780400 0.01286280 0.72156863 0.69803922 0.72156863
v -0.08288290 0.22780400 0.01286280 0.72156863 0.69803922 0.72156863
v -0.08288290 0.22780400 0.01286280 0.72156863 0.69803922 0.72156863
v -0.08288290 0.22780400 0.01286280 0.72156863 0.69803922 0.72156863
v -0.00003550 0.08633990 0.01165800 0.40000000 0.37254902 0.43529412
v -0.00003550 0.08633990 0.01165800 0.40000000 0.37254902 0.43529412
v -0.00003550 0.08633990 0.01165800 0.40000000 0.37254902 0.43529412
v -0.00003550 0.08633990 0.01165800 0.40000000 0.37254902 0.43529412
v -0.03498680 0.12031000 0.01255090 0.41568627 0.36470588 0.41960784
v -0.03498680 0.12031000 0.01255090 0.41568627 0.36470588 0.41960784
v -0.03498680 0.12031000 0.01255090 0.41568627 0.36470588 0.41960784
v -0.03498680 0.12031000 0.01255090 0.41568627 0.36470588 0.41960784
v -0.03494210 0.15391100 -0.01266450 0.41568627 0.37647059 0.41568627
v -0.03494210 0.15391100 -0.01266450 0.41568627 0.37647059 0.41568627
v -0.03494210 0.15391100 -0.01266450 0.41568627 0.37647059 0.41568627
v -0.03494210 0.15391100 -0.01266450 0.41568627 0.37647059 0.41568627
v 0.00011130 0.15345200 -0.01165800 0.45098039 0.41568627 0.50980392
v 0.00011130 0.15345200 -0.01165800 0.45098039 0.41568627 0.50980392
v 0.00011130 0.15345200 -0.01165800 0.45098039 0.41568627 0.50980392
v 0.00011130 0.15345200 -0.01165800 0.45098039 0.41568627 0.50980392
v 0.03494470 0.12010200 -0.01222790 0.48235294 0.44705882 0.51764706
v 0.03494470 0.12010200 -0.01222790 0.48235294 0.44705882 0.51764706
v 0.03494470 0.12010200 -0.01222790 0.48235294 0.44705882 0.51764706
v 0.03494470 0.12010200 -0.01222790 0.48235294 0.44705882 0.51764706
v 0.03493730 0.08639590 0.01248290 0.50980392 0.43921569 0.51372549
v 0.03493730 0.08639590 0.01248290 0.50980392 0.43921569 0.51372549
v 0.03493730 0.08639590 0.01248290 0.50980392 0.43921569 0.51372549
v 0.03493730 0.08639590 0.01248290 0.50980392 0.43921569 0.51372549
v -0.05629590 0.22820700 0.01099700 0.82745098 0.81176471 0.83137255
v -0.05629590 0.22820700 0.01099700 0.82745098 0.81176471 0.83137255
v -0.05629590 0.22820700 0.01099700 0.82745098 0.81176471 0.83137255
v -0.05629590 0.22820700 0.01099700 0.82745098 0.81176471 0.83137255
v -0.05755490 0.19321700 0.03599450 0.60392157 0.56078431 0.60000000
v -0.05755490 0.19321700 0.03599450 0.60392157 0.56078431 0.60000000
v -0.05755490 0.19321700 0.03599450 0.60392157 0.56078431 0.60000000
v -0.05755490 0.19321700 0.03599450 0.60392157 0.56078431 0.60000000
v -0.01846300 0.15897900 0.03497400 0.49411765 0.44705882 0.56862745
v -0.01846300 0.15897900 0.03497400 0.49411765 0.44705882 0.56862745
v -0.01846300 0.15897900 0.03497400 0.49411765 0.44705882 0.56862745
v -0.01846300 0.15897900 0.03497400 0.49411765 0.44705882 0.56862745
v 0.01968500 0.12449100 0.03497400 0.83921569 0.84313725 0.87058824
v 0.01968500 0.12449100 0.03497400 0.83921569 0.84313725 0.87058824
v 0.01968500 0.12449100 0.03497400 0.83921569 0.84313725 0.87058824
v 0.01968500 0.12449100 0.03497400 0.83921569 0.84313725 0.87058824
v 0.05757440 0.08980750 0.03551060 0.30980392 0.25490196 0.30980392
v 0.05757440 0.08980750 0.03551060 0.30980392 0.25490196 0.30980392
v 0.05757440 0.08980750 0.03551060 0.30980392 0.25490196 0.30980392
v 0.05757440 0.08980750 0.03551060 0.30980392 0.25490196 0.30980392
v 0.05719530 0.05532980 0.01047780 0.35294118 0.28235294 0.35294118
v 0.05719530 0.05532980 0.01047780 0.35294118 0.28235294 0.35294118
v 0.05719530 0.05532980 0.01047780 0.35294118 0.28235294 0.35294118
v 0.05719530 0.05532980 0.01047780 0.35294118 0.28235294 0.35294118
v 0.08277950 0.05531810 0.01275630 0.57647059 0.41176471 0.49411765
v 0.08277950 0.05531810 0.01275630 0.57647059 0.41176471 0.49411765
v 0.08277950 0.05531810 0.01275630 0.57647059 0.41176471 0.49411765
v 0.08277950 0.05531810 0.01275630 0.57647059 0.41176471 0.49411765
v 0.08321560 0.08981040 -0.01245880 0.35686275 0.29019608 0.32549020
v 0.08321560 0.08981040 -0.01245880 0.35686275 0.29019608 0.32549020
v 0.08321560 0.08981040 -0.01245880 0.35686275 0.29019608 0.32549020
v 0.08321560 0.08981040 -0.01245880 0.35686275 0.29019608 0.32549020
v 0.05718100 0.12448000 -0.01062530 0.67843137 0.66274510 0.72941176
v 0.05718100 0.12448000 -0.01062530 0.67843137 0.66274510 0.72941176
v 0.05718100 0.12448000 -0.01062530 0.67843137 0.66274510 0.72941176
v 0.05718100 0.12448000 -0.01062530 0.67843137 0.66274510 0.72941176
v 0.05789880 0.15938900 -0.03618520 0.46274510 0.43137255 0.52549020
v 0.05789880 0.15938900 -0.03618520 0.46274510 0.43137255 0.52549020
v 0.05789880 0.15938900 -0.03618520 0.46274510 0.43137255 0.52549020
v 0.05789880 0.15938900 -0.03618520 0.46274510 0.43137255 0.52549020
v 0.02144480 0.19433400 -0.03497400 0.83921569 0.78039216 0.87058824
v 0.02144480 0.19433400 -0.03497400 0.83921569 0.78039216 0.87058824
v 0.02144480 0.19433400 -0.03497400 0.83921569 0.78039216 0.87058824
v 0.02144480 0.19433400 -0.03497400 0.83921569 0.78039216 0.87058824
v -0.01587080 0.22756600 -0.03497400 0.61176471 0.57254902 0.65098039
v -0.01587080 0.22756600 -0.03497400 0.61176471 0.57254902 0.65098039
v -0.01587080 0.22756600 -0.03497400 0.61176471 0.57254902 0.65098039
v -0.01587080 0.22756600 -0.03497400 0.61176471 0.57254902 0.65098039
v -0.05696220 0.26148600 -0.03576430 0.62352941 0.56470588 0.62352941
v -0.05696220 0.26148600 -0.03576430 0.62352941 0.56470588 0.62352941
v -0.05696220 0.26148600 -0.03576430 0.62352941 0.56470588 0.62352941
v -0.05696220 0.26148600 -0.03576430 0.62352941 0.56470588 0.62352941
v -0.05720480 0.29635600 -0.01043670 0.61176471 0.53333333 0.61568627
v -0.05720480 0.29635600 -0.01043670 0.61176471 0.53333333 0.61568627
v -0.05720480 0.29635600 -0.01043670 0.61176471 0.53333333 0.61568627
v -0.05720480 0.29635600 -0.01043670 0.61176471 0.53333333 0.61568627
v -0.08262200 0.29743100 -0.01301710 0.62745098 0.56470588 0.63921569
v -0.08262200 0.29743100 -0.01301710 0.62745098 0.56470588 0.63921569
v -0.08262200 0.29743100 -0.01301710 0.62745098 0.56470588 0.63921569
v -0.08262200 0.29743100 -0.01301710 0.62745098 0.56470588 0.63921569
v -0.08377550 0.26273800 0.01235960 0.51372549 0.49019608 0.56078431
v -0.08377550 0.26273800 0.01235960 0.51372549 0.49019608 0.56078431
v -0.08377550 0.26273800 0.01235960 0.51372549 0.49019608 0.56078431
v -0.08377550 0.26273800 0.01235960 0.51372549 0.49019608 0.56078431
v -0.00002936 0.12004300 0.01165800 0.45098039 0.41568627 0.50980392
v -0.00002936 0.12004300 0.01165800 0.45098039 0.41568627 0.50980392
v -0.00002936 0.12004300 0.01165800 0.45098039 0.41568627 0.50980392
v -0.00002936 0.12004300 0.01165800 0.45098039 0.41568627 0.50980392
v -0.03497730 0.15391400 0.01280090 0.40000000 0.36078431 0.40000000
v -0.03497730 0.15391400 0.01280090 0.40000000 0.36078431 0.40000000
v -0.03497730 0.15391400 0.01280090 0.40000000 0.36078431 0.40000000
v -0.03497730 0.15391400 0.01280090 0.40000000 0.36078431 0.40000000
v -0.03487660 0.18718800 -0.01259180 0.41960784 0.38039216 0.41960784
v -0.03487660 0.18718800 -0.01259180 0.41960784 0.38039216 0.41960784
v -0.03487660 0.18718800 -0.01259180 0.41960784 0.38039216 0.41960784
v -0.03487660 0.18718800 -0.01259180 0.41960784 0.38039216 0.41960784
v 0.00057638 0.18631400 -0.01165800 0.49411765 0.46274510 0.56078431
v 0.00057638 0.18631400 -0.01165800 0.49411765 0.46274510 0.56078431
v 0.00057638 0.18631400 -0.01165800 0.49411765 0.46274510 0.56078431
v 0.00057638 0.18631400 -0.01165800 0.49411765 0.46274510 0.56078431
v 0.03495340 0.15336100 -0.01244850 0.44313725 0.39215686 0.47843137
v 0.03495340 0.15336100 -0.01244850 0.44313725 0.39215686 0.47843137
v 0.03495340 0.15336100 -0.01244850 0.44313725 0.39215686 0.47843137
v 0.03495340 0.15336100 -0.01244850 0.44313725 0.39215686 0.47843137
v 0.03492830 0.12006500 0.01241180 0.55686275 0.51764706 0.62352941
v 0.03492830 0.12006500 0.01241180 0.55686275 0.51764706 0.62352941
v 0.03492830 0.12006500 0.01241180 0.55686275 0.51764706 0.62352941
v 0.03492830 0.12006500 0.01241180 0.55686275 0.51764706 0.62352941
v -0.05667240 0.26437600 0.01050680 0.51372549 0.49019608 0.56078431
v -0.05667240 0.26437600 0.01050680 0.51372549 0.49019608 0.56078431
v -0.05667240 0.26437600 0.01050680 0.51372549 0.49019608 0.56078431
v -0.05667240 0.26437600 0.01050680 0.51372549 0.49019608 0.56078431
v -0.05667240 0.26437600 0.01050680 0.51372549 0.49019608 0.56078431
v -0.05707400 0.22835000 0.03580550 0.82745098 0.81176471 0.83137255
v -0.05707400 0.22835000 0.03580550 0.82745098 0.81176471 0.83137255
v -0.05707400 0.22835000 0.03580550 0.82745098 0.81176471 0.83137255
v -0.05707400 0.22835000 0.03580550 0.82745098 0.81176471 0.83137255
v -0.01746880 0.19394900 0.03497400 0.58823529 0.56078431 0.64705882
v -0.01746880 0.19394900 0.03497400 0.58823529 0.56078431 0.64705882
v -0.01746880 0.19394900 0.03497400 0.58823529 0.56078431 0.64705882
v -0.01746880 0.19394900 0.03497400 0.58823529 0.56078431 0.64705882
v 0.02013040 0.15954700 0.03497400 0.83529412 0.80784314 0.86666667
v 0.02013040 0.15954700 0.03497400 0.83529412 0.80784314 0.86666667
v 0.02013040 0.15954700 0.03497400 0.83529412 0.80784314 0.86666667
v 0.02013040 0.15954700 0.03497400 0.83529412 0.80784314 0.86666667
v 0.05785900 0.12449800 0.03589060 0.45098039 0.44313725 0.51764706
v 0.05785900 0.12449800 0.03589060 0.45098039 0.44313725 0.51764706
v 0.05785900 0.12449800 0.03589060 0.45098039 0.44313725 0.51764706
v 0.05785900 0.12449800 0.03589060 0.45098039 0.44313725 0.51764706
v 0.05709990 0.08982480 0.01070860 0.30980392 0.25490196 0.30980392
v 0.05709990 0.08982480 0.01070860 0.30980392 0.25490196 0.30980392
v 0.05709990 0.08982480 0.01070860 0.30980392 0.25490196 0.30980392
v 0.05709990 0.08982480 0.01070860 0.30980392 0.25490196 0.30980392
v 0.08259830 0.08981810 0.01290490 0.35686275 0.29019608 0.32549020
v 0.08259830 0.08981810 0.01290490 0.35686275 0.29019608 0.32549020
v 0.08259830 0.08981810 0.01290490 0.35686275 0.29019608 0.32549020
v 0.08259830 0.08981810 0.01290490 0.35686275 0.29019608 0.32549020
v 0.08276260 0.12451400 -0.01283000 0.53333333 0.50588235 0.56470588
v 0.08276260 0.12451400 -0.01283000 0.53333333 0.50588235 0.56470588
v 0.08276260 0.12451400 -0.01283000 0.53333333 0.50588235 0.56470588
v 0.08276260 0.12451400 -0.01283000 0.53333333 0.50588235 0.56470588
v 0.05712040 0.15955900 -0.01066710 0.70196078 0.67843137 0.73333333
v 0.05712040 0.15955900 -0.01066710 0.70196078 0.67843137 0.73333333
v 0.05712040 0.15955900 -0.01066710 0.70196078 0.67843137 0.73333333
v 0.05712040 0.15955900 -0.01066710 0.70196078 0.67843137 0.73333333
v 0.05821980 0.19550000 -0.03581020 0.47843137 0.39607843 0.47843137
v 0.05821980 0.19550000 -0.03581020 0.47843137 0.39607843 0.47843137
v 0.05821980 0.19550000 -0.03581020 0.47843137 0.39607843 0.47843137
v 0.05821980 0.19550000 -0.03581020 0.47843137 0.39607843 0.47843137
v 0.02459030 0.22965900 -0.03497400 0.70980392 0.66666667 0.71372549
v 0.02459030 0.22965900 -0.03497400 0.70980392 0.66666667 0.71372549
v 0.02459030 0.22965900 -0.03497400 0.70980392 0.66666667 0.71372549
v 0.02459030 0.22965900 -0.03497400 0.70980392 0.66666667 0.71372549
v -0.01389120 0.26013500 -0.03497400 0.65490196 0.63921569 0.70980392
v -0.01389120 0.26013500 -0.03497400 0.65490196 0.63921569 0.70980392
v -0.01389120 0.26013500 -0.03497400 0.65490196 0.63921569 0.70980392
v -0.01389120 0.26013500 -0.03497400 0.65490196 0.63921569 0.70980392
v -0.05695750 0.29549500 -0.03541080 0.62352941 0.54901961 0.63137255
v -0.05695750 0.29549500 -0.03541080 0.62352941 0.54901961 0.63137255
v -0.05695750 0.29549500 -0.03541080 0.62352941 0.54901961 0.63137255
v -0.05695750 0.29549500 -0.03541080 0.62352941 0.54901961 0.63137255
v -0.05708190 0.33029100 -0.01044330 0.53333333 0.44313725 0.53333333
v -0.05708190 0.33029100 -0.01044330 0.53333333 0.44313725 0.53333333
v -0.05708190 0.33029100 -0.01044330 0.53333333 0.44313725 0.53333333
v -0.05708190 0.33029100 -0.01044330 0.53333333 0.44313725 0.53333333
v -0.08226310 0.33327700 -0.01256500 0.69019608 0.64705882 0.69019608
v -0.08226310 0.33327700 -0.01256500 0.69019608 0.64705882 0.69019608
v -0.08226310 0.33327700 -0.01256500 0.69019608 0.64705882 0.69019608
v -0.08226310 0.33327700 -0.01256500 0.69019608 0.64705882 0.69019608
v -0.08226310 0.33327700 -0.01256500 0.69019608 0.64705882 0.69019608
v -0.08189330 0.29910100 0.01253400 0.45098039 0.42745098 0.49411765
v -0.08189330 0.29910100 0.01253400 0.45098039 0.42745098 0.49411765
v -0.08189330 0.29910100 0.01253400 0.45098039 0.42745098 0.49411765
v -0.08189330 0.29910100 0.01253400 0.45098039 0.42745098 0.49411765
v 0.00005757 0.15335900 0.01165800 0.83529412 0.80784314 0.86666667
v 0.00005757 0.15335900 0.01165800 0.83529412 0.80784314 0.86666667
v 0.00005757 0.15335900 0.01165800 0.83529412 0.80784314 0.86666667
v 0.00005757 0.15335900 0.01165800 0.83529412 0.80784314 0.86666667
v -0.03490140 0.18717700 0.01232400 0.50196078 0.45098039 0.48235294
v -0.03490140 0.18717700 0.01232400 0.50196078 0.45098039 0.48235294
v -0.03490140 0.18717700 0.01232400 0.50196078 0.45098039 0.48235294
v -0.03490140 0.18717700 0.01232400 0.50196078 0.45098039 0.48235294
v -0.03466720 0.22035000 -0.01262190 0.40392157 0.34117647 0.37254902
v -0.03466720 0.22035000 -0.01262190 0.40392157 0.34117647 0.37254902
v -0.03466720 0.22035000 -0.01262190 0.40392157 0.34117647 0.37254902
v -0.03466720 0.22035000 -0.01262190 0.40392157 0.34117647 0.37254902
v 0.00212851 0.21855700 -0.01165800 0.56862745 0.56470588 0.62352941
v 0.00212851 0.21855700 -0.01165800 0.56862745 0.56470588 0.62352941
v 0.00212851 0.21855700 -0.01165800 0.56862745 0.56470588 0.62352941
v 0.00212851 0.21855700 -0.01165800 0.56862745 0.56470588 0.62352941
v 0.03502220 0.18593400 -0.01195480 0.45098039 0.36862745 0.43137255
v 0.03502220 0.18593400 -0.01195480 0.45098039 0.36862745 0.43137255
v 0.03502220 0.18593400 -0.01195480 0.45098039 0.36862745 0.43137255
v 0.03502220 0.18593400 -0.01195480 0.45098039 0.36862745 0.43137255
v 0.03491680 0.15328200 0.01265780 0.49803922 0.43529412 0.50196078
v 0.03491680 0.15328200 0.01265780 0.49803922 0.43529412 0.50196078
v 0.03491680 0.15328200 0.01265780 0.49803922 0.43529412 0.50196078
v 0.03491680 0.15328200 0.01265780 0.49803922 0.43529412 0.50196078
v -0.04358190 0.30651800 0.01123370 0.64705882 0.60784314 0.68627451
v -0.04358190 0.30651800 0.01123370 0.64705882 0.60784314 0.68627451
v -0.04358190 0.30651800 0.01123370 0.64705882 0.60784314 0.68627451
v -0.04358190 0.30651800 0.01123370 0.64705882 0.60784314 0.68627451
v -0.04358190 0.30651800 0.01123370 0.64705882 0.60784314 0.68627451
v -0.05870290 0.26627100 0.03634790 0.51372549 0.49019608 0.56078431
v -0.05870290 0.26627100 0.03634790 0.51372549 0.49019608 0.56078431
v -0.05870290 0.26627100 0.03634790 0.51372549 0.49019608 0.56078431
v -0.01760010 0.22914100 0.03497400 0.63921569 0.61568627 0.69411765
v -0.01760010 0.22914100 0.03497400 0.63921569 0.61568627 0.69411765
v -0.01760010 0.22914100 0.03497400 0.63921569 0.61568627 0.69411765
v -0.01760010 0.22914100 0.03497400 0.63921569 0.61568627 0.69411765
v 0.02101800 0.19447700 0.03497400 0.94901961 0.91764706 0.98039216
v 0.02101800 0.19447700 0.03497400 0.94901961 0.91764706 0.98039216
v 0.02101800 0.19447700 0.03497400 0.94901961 0.91764706 0.98039216
v 0.02101800 0.19447700 0.03497400 0.94901961 0.91764706 0.98039216
v 0.05797450 0.15969700 0.03690670 0.48235294 0.44705882 0.51764706
v 0.05797450 0.15969700 0.03690670 0.48235294 0.44705882 0.51764706
v 0.05797450 0.15969700 0.03690670 0.48235294 0.44705882 0.51764706
v 0.05797450 0.15969700 0.03690670 0.48235294 0.44705882 0.51764706
v 0.05723200 0.12455200 0.01039240 0.45098039 0.44313725 0.51764706
v 0.05723200 0.12455200 0.01039240 0.45098039 0.44313725 0.51764706
v 0.05723200 0.12455200 0.01039240 0.45098039 0.44313725 0.51764706
v 0.05723200 0.12455200 0.01039240 0.45098039 0.44313725 0.51764706
v 0.08285010 0.12453900 0.01242950 0.53333333 0.50588235 0.56470588
v 0.08285010 0.12453900 0.01242950 0.53333333 0.50588235 0.56470588
v 0.08285010 0.12453900 0.01242950 0.53333333 0.50588235 0.56470588
v 0.08285010 0.12453900 0.01242950 0.53333333 0.50588235 0.56470588
v 0.08354680 0.15961900 -0.01244760 0.67843137 0.66274510 0.72941176
v 0.08354680 0.15961900 -0.01244760 0.67843137 0.66274510 0.72941176
v 0.08354680 0.15961900 -0.01244760 0.67843137 0.66274510 0.72941176
v 0.08354680 0.15961900 -0.01244760 0.67843137 0.66274510 0.72941176
v 0.05738720 0.19582500 -0.01016370 0.73333333 0.67843137 0.73333333
v 0.05738720 0.19582500 -0.01016370 0.73333333 0.67843137 0.73333333
v 0.05738720 0.19582500 -0.01016370 0.73333333 0.67843137 0.73333333
v 0.05738720 0.19582500 -0.01016370 0.73333333 0.67843137 0.73333333
v 0.06074960 0.23923500 -0.03646620 0.70980392 0.66666667 0.71372549
v 0.06074960 0.23923500 -0.03646620 0.70980392 0.66666667 0.71372549
v 0.06074960 0.23923500 -0.03646620 0.70980392 0.66666667 0.71372549
v 0.03120290 0.25819600 -0.03510050 0.69803922 0.65490196 0.72941176
v 0.03120290 0.25819600 -0.03510050 0.69803922 0.65490196 0.72941176
v 0.03120290 0.25819600 -0.03510050 0.69803922 0.65490196 0.72941176
v 0.03120290 0.25819600 -0.03510050 0.69803922 0.65490196 0.72941176
v -0.01409700 0.29333000 -0.03497400 0.65490196 0.61960784 0.70980392
v -0.01409700 0.29333000 -0.03497400 0.65490196 0.61960784 0.70980392
v -0.01409700 0.29333000 -0.03497400 0.65490196 0.61960784 0.70980392
v -0.01409700 0.29333000 -0.03497400 0.65490196 0.61960784 0.70980392
v -0.05742400 0.32898700 -0.03636970 0.81176471 0.75294118 0.84313725
v -0.05742400 0.32898700 -0.03636970 0.81176471 0.75294118 0.84313725
v -0.05742400 0.32898700 -0.03636970 0.81176471 0.75294118 0.84313725
v -0.05742400 0.32898700 -0.03636970 0.81176471 0.75294118 0.84313725
v -0.05381640 0.36235800 -0.01074720 0.73333333 0.70980392 0.76862745
v -0.05381640 0.36235800 -0.01074720 0.73333333 0.70980392 0.76862745
v -0.05381640 0.36235800 -0.01074720 0.73333333 0.70980392 0.76862745
v -0.05381640 0.36235800 -0.01074720 0.73333333 0.70980392 0.76862745
v -0.05381640 0.36235800 -0.01074720 0.73333333 0.70980392 0.76862745
v -0.08162280 0.36470000 -0.01254960 0.75294118 0.73333333 0.77647059
v -0.08162280 0.36470000 -0.01254960 0.75294118 0.73333333 0.77647059
v -0.08162280 0.36470000 -0.01254960 0.75294118 0.73333333 0.77647059
v -0.08162280 0.36470000 -0.01254960 0.75294118 0.73333333 0.77647059
v -0.08162280 0.36470000 -0.01254960 0.75294118 0.73333333 0.77647059
v -0.08177270 0.33717800 0.01290910 0.83921569 0.76470588 0.64705882
v -0.08177270 0.33717800 0.01290910 0.83921569 0.76470588 0.64705882
v -0.08177270 0.33717800 0.01290910 0.83921569 0.76470588 0.64705882
v -0.08177270 0.33717800 0.01290910 0.83921569 0.76470588 0.64705882
v -0.08177270 0.33717800 0.01290910 0.83921569 0.76470588 0.64705882
v 0.00050894 0.18609800 0.01165800 0.83529412 0.81176471 0.86666667
v 0.00050894 0.18609800 0.01165800 0.83529412 0.81176471 0.86666667
v 0.00050894 0.18609800 0.01165800 0.83529412 0.81176471 0.86666667
v 0.00050894 0.18609800 0.01165800 0.83529412 0.81176471 0.86666667
v -0.03448660 0.22043300 0.01220760 0.67843137 0.66666667 0.70980392
v -0.03448660 0.22043300 0.01220760 0.67843137 0.66666667 0.70980392
v -0.03448660 0.22043300 0.01220760 0.67843137 0.66666667 0.70980392
v -0.03448660 0.22043300 0.01220760 0.67843137 0.66666667 0.70980392
v 0.00732682 0.25012000 -0.01224310 0.70588235 0.65098039 0.73725490
v 0.00732682 0.25012000 -0.01224310 0.70588235 0.65098039 0.73725490
v 0.00732682 0.25012000 -0.01224310 0.70588235 0.65098039 0.73725490
v 0.00732682 0.25012000 -0.01224310 0.70588235 0.65098039 0.73725490
v 0.00732682 0.25012000 -0.01224310 0.70588235 0.65098039 0.73725490
v -0.03425610 0.25416800 -0.01291270 0.82745098 0.81176471 0.83137255
v -0.03425610 0.25416800 -0.01291270 0.82745098 0.81176471 0.83137255
v -0.03425610 0.25416800 -0.01291270 0.82745098 0.81176471 0.83137255
v -0.03425610 0.25416800 -0.01291270 0.82745098 0.81176471 0.83137255
v 0.03541740 0.21735100 -0.01256020 0.70980392 0.66666667 0.74117647
v 0.03541740 0.21735100 -0.01256020 0.70980392 0.66666667 0.74117647
v 0.03541740 0.21735100 -0.01256020 0.70980392 0.66666667 0.74117647
v 0.03541740 0.21735100 -0.01256020 0.70980392 0.66666667 0.74117647
v 0.03498680 0.18574800 0.01265630 0.57254902 0.48235294 0.56862745
v 0.03498680 0.18574800 0.01265630 0.57254902 0.48235294 0.56862745
v 0.03498680 0.18574800 0.01265630 0.57254902 0.48235294 0.56862745
v 0.03498680 0.18574800 0.01265630 0.57254902 0.48235294 0.56862745
v -0.05426160 0.33795100 0.01064960 0.32941176 0.29019608 0.32941176
v -0.05426160 0.33795100 0.01064960 0.32941176 0.29019608 0.32941176
v -0.05426160 0.33795100 0.01064960 0.32941176 0.29019608 0.32941176
v -0.05426160 0.33795100 0.01064960 0.32941176 0.29019608 0.32941176
v -0.05426160 0.33795100 0.01064960 0.32941176 0.29019608 0.32941176
v -0.03894000 0.28492600 0.01104440 0.60392157 0.54901961 0.62745098
v -0.03894000 0.28492600 0.01104440 0.60392157 0.54901961 0.62745098
v -0.03894000 0.28492600 0.01104440 0.60392157 0.54901961 0.62745098
v -0.03894000 0.28492600 0.01104440 0.60392157 0.54901961 0.62745098
v -0.03429810 0.26333400 0.01085510 0.63137255 0.59607843 0.66666667
v -0.03429810 0.26333400 0.01085510 0.63137255 0.59607843 0.66666667
v -0.02101000 0.26709900 0.03497400 0.68235294 0.65490196 0.73725490
v -0.02101000 0.26709900 0.03497400 0.68235294 0.65490196 0.73725490
v -0.02101000 0.26709900 0.03497400 0.68235294 0.65490196 0.73725490
v -0.02101000 0.26709900 0.03497400 0.68235294 0.65490196 0.73725490
v -0.02101000 0.26709900 0.03497400 0.68235294 0.65490196 0.73725490
v 0.02367640 0.22874200 0.03497400 0.69019608 0.65098039 0.72549020
v 0.02367640 0.22874200 0.03497400 0.69019608 0.65098039 0.72549020
v 0.02367640 0.22874200 0.03497400 0.69019608 0.65098039 0.72549020
v 0.02367640 0.22874200 0.03497400 0.69019608 0.65098039 0.72549020
v 0.05805940 0.19654200 0.03621090 0.45098039 0.36862745 0.43137255
v 0.05805940 0.19654200 0.03621090 0.45098039 0.36862745 0.43137255
v 0.05805940 0.19654200 0.03621090 0.45098039 0.36862745 0.43137255
v 0.05805940 0.19654200 0.03621090 0.45098039 0.36862745 0.43137255
v 0.05716530 0.15983700 0.01036710 0.48235294 0.44705882 0.51764706
v 0.05716530 0.15983700 0.01036710 0.48235294 0.44705882 0.51764706
v 0.05716530 0.15983700 0.01036710 0.48235294 0.44705882 0.51764706
v 0.05716530 0.15983700 0.01036710 0.48235294 0.44705882 0.51764706
v 0.08237830 0.15971400 0.01286020 0.67843137 0.66274510 0.72941176
v 0.08237830 0.15971400 0.01286020 0.67843137 0.66274510 0.72941176
v 0.08237830 0.15971400 0.01286020 0.67843137 0.66274510 0.72941176
v 0.08237830 0.15971400 0.01286020 0.67843137 0.66274510 0.72941176
v 0.08257180 0.19546300 -0.01314270 0.78431373 0.73333333 0.78431373
v 0.08257180 0.19546300 -0.01314270 0.78431373 0.73333333 0.78431373
v 0.08257180 0.19546300 -0.01314270 0.78431373 0.73333333 0.78431373
v 0.08257180 0.19546300 -0.01314270 0.78431373 0.73333333 0.78431373
v 0.06023950 0.23914400 -0.00968775 0.79215686 0.78039216 0.82745098
v 0.06023950 0.23914400 -0.00968775 0.79215686 0.78039216 0.82745098
v 0.06023950 0.23914400 -0.00968775 0.79215686 0.78039216 0.82745098
v 0.06023950 0.23914400 -0.00968775 0.79215686 0.78039216 0.82745098
v 0.03110230 0.29053700 -0.03550730 0.69019608 0.65098039 0.72156863
v 0.03110230 0.29053700 -0.03550730 0.69019608 0.65098039 0.72156863
v 0.03110230 0.29053700 -0.03550730 0.69019608 0.65098039 0.72156863
v 0.03110230 0.29053700 -0.03550730 0.69019608 0.65098039 0.72156863
v -0.01624650 0.32695800 -0.03497400 0.64705882 0.61960784 0.70588235
v -0.01624650 0.32695800 -0.03497400 0.64705882 0.61960784 0.70588235
v -0.01624650 0.32695800 -0.03497400 0.64705882 0.61960784 0.70588235
v -0.01624650 0.32695800 -0.03497400 0.64705882 0.61960784 0.70588235
v -0.05636980 0.36170700 -0.03646880 0.69019608 0.64705882 0.69019608
v -0.05636980 0.36170700 -0.03646880 0.69019608 0.64705882 0.69019608
v -0.05636980 0.36170700 -0.03646880 0.69019608 0.64705882 0.69019608
v -0.05457770 0.40348400 -0.01198890 0.74901961 0.72156863 0.78431373
v -0.05457770 0.40348400 -0.01198890 0.74901961 0.72156863 0.78431373
v -0.05457770 0.40348400 -0.01198890 0.74901961 0.72156863 0.78431373
v -0.05457770 0.40348400 -0.01198890 0.74901961 0.72156863 0.78431373
v -0.05457770 0.40348400 -0.01198890 0.74901961 0.72156863 0.78431373
v -0.08372020 0.40574300 -0.01263670 0.78431373 0.75686275 0.78823529
v -0.08372020 0.40574300 -0.01263670 0.78431373 0.75686275 0.78823529
v -0.08372020 0.40574300 -0.01263670 0.78431373 0.75686275 0.78823529
v -0.10878700 0.36462400 -0.01233100 0.83921569 0.76470588 0.64705882
v -0.10878700 0.36462400 -0.01233100 0.83921569 0.76470588 0.64705882
v -0.10878700 0.36462400 -0.01233100 0.83921569 0.76470588 0.64705882
v -0.10937000 0.33740600 -0.01436680 0.83921569 0.76470588 0.64705882
v -0.10937000 0.33740600 -0.01436680 0.83921569 0.76470588 0.64705882
v -0.10937000 0.33740600 -0.01436680 0.83921569 0.76470588 0.64705882
v -0.10882900 0.33502300 0.01232740 0.83921569 0.76470588 0.64705882
v -0.10882900 0.33502300 0.01232740 0.83921569 0.76470588 0.64705882
v -0.10882900 0.33502300 0.01232740 0.83921569 0.76470588 0.64705882
v 0.00198828 0.21798100 0.01165800 0.93333333 0.90588235 0.96470588
v 0.00198828 0.21798100 0.01165800 0.93333333 0.90588235 0.96470588
v 0.00198828 0.21798100 0.01165800 0.93333333 0.90588235 0.96470588
v 0.00198828 0.21798100 0.01165800 0.93333333 0.90588235 0.96470588
v -0.03396950 0.25632500 0.01244970 0.62352941 0.62352941 0.67843137
v -0.03396950 0.25632500 0.01244970 0.62352941 0.62352941 0.67843137
v -0.03396950 0.25632500 0.01244970 0.62352941 0.62352941 0.67843137
v -0.03396950 0.25632500 0.01244970 0.62352941 0.62352941 0.67843137
v 0.03691110 0.24773700 -0.01236340 0.64705882 0.63529412 0.70980392
v 0.03691110 0.24773700 -0.01236340 0.64705882 0.63529412 0.70980392
v 0.03691110 0.24773700 -0.01236340 0.64705882 0.63529412 0.70980392
v -0.03337620 0.28616800 -0.01206060 0.62352941 0.56470588 0.62352941
v -0.03337620 0.28616800 -0.01206060 0.62352941 0.56470588 0.62352941
v -0.03337620 0.28616800 -0.01206060 0.62352941 0.56470588 0.62352941
v -0.03337620 0.28616800 -0.01206060 0.62352941 0.56470588 0.62352941
v 0.00956700 0.28373000 -0.01236910 0.90980392 0.86666667 0.92156863
v 0.00956700 0.28373000 -0.01236910 0.90980392 0.86666667 0.92156863
v 0.00956700 0.28373000 -0.01236910 0.90980392 0.86666667 0.92156863
v 0.00956700 0.28373000 -0.01236910 0.90980392 0.86666667 0.92156863
v 0.03523090 0.21696000 0.01279160 0.69019608 0.65098039 0.72549020
v 0.03523090 0.21696000 0.01279160 0.69019608 0.65098039 0.72549020
v 0.03523090 0.21696000 0.01279160 0.69019608 0.65098039 0.72549020
v 0.03523090 0.21696000 0.01279160 0.69019608 0.65098039 0.72549020
v -0.08198950 0.36752800 0.01248950 0.83921569 0.76470588 0.64705882
v -0.08198950 0.36752800 0.01248950 0.83921569 0.76470588 0.64705882
v -0.08198950 0.36752800 0.01248950 0.83921569 0.76470588 0.64705882
v -0.08198950 0.36752800 0.01248950 0.83921569 0.76470588 0.64705882
v -0.08198950 0.36752800 0.01248950 0.83921569 0.76470588 0.64705882
v -0.05328770 0.37041300 0.01165800 0.69019608 0.64705882 0.69019608
v -0.05328770 0.37041300 0.01165800 0.69019608 0.64705882 0.69019608
v -0.05328770 0.37041300 0.01165800 0.69019608 0.64705882 0.69019608
v -0.05328770 0.37041300 0.01165800 0.69019608 0.64705882 0.69019608
v -0.05530120 0.34097800 0.03556050 0.32941176 0.29019608 0.32941176
v -0.05530120 0.34097800 0.03556050 0.32941176 0.29019608 0.32941176
v -0.05530120 0.34097800 0.03556050 0.32941176 0.29019608 0.32941176
v -0.05042120 0.31380800 0.03678840 0.62745098 0.57647059 0.65490196
v -0.05042120 0.31380800 0.03678840 0.62745098 0.57647059 0.65490196
v -0.05042120 0.31380800 0.03678840 0.62745098 0.57647059 0.65490196
v -0.05042120 0.31380800 0.03678840 0.62745098 0.57647059 0.65490196
v -0.03589580 0.29229500 0.03729330 0.60392157 0.54901961 0.62745098
v -0.03589580 0.29229500 0.03729330 0.60392157 0.54901961 0.62745098
v -0.03589580 0.29229500 0.03729330 0.60392157 0.54901961 0.62745098
v 0.02951160 0.25258900 0.03545250 0.93333333 0.90588235 0.96470588
v 0.02951160 0.25258900 0.03545250 0.93333333 0.90588235 0.96470588
v 0.02951160 0.25258900 0.03545250 0.93333333 0.90588235 0.96470588
v 0.02951160 0.25258900 0.03545250 0.93333333 0.90588235 0.96470588
v 0.05900550 0.23866300 0.03631960 0.70980392 0.66666667 0.74117647
v 0.05900550 0.23866300 0.03631960 0.70980392 0.66666667 0.74117647
v 0.05900550 0.23866300 0.03631960 0.70980392 0.66666667 0.74117647
v 0.05722010 0.19656300 0.01031370 0.45098039 0.36862745 0.43137255
v 0.05722010 0.19656300 0.01031370 0.45098039 0.36862745 0.43137255
v 0.05722010 0.19656300 0.01031370 0.45098039 0.36862745 0.43137255
v 0.05722010 0.19656300 0.01031370 0.45098039 0.36862745 0.43137255
v 0.08237770 0.19575500 0.01281600 0.78431373 0.73333333 0.78431373
v 0.08237770 0.19575500 0.01281600 0.78431373 0.73333333 0.78431373
v 0.08237770 0.19575500 0.01281600 0.78431373 0.73333333 0.78431373
v 0.08237770 0.19575500 0.01281600 0.78431373 0.73333333 0.78431373
v 0.08155690 0.23187700 -0.01226970 0.73333333 0.67843137 0.73333333
v 0.08155690 0.23187700 -0.01226970 0.73333333 0.67843137 0.73333333
v 0.08155690 0.23187700 -0.01226970 0.73333333 0.67843137 0.73333333
v 0.08155690 0.23187700 -0.01226970 0.73333333 0.67843137 0.73333333
v 0.03550290 0.25127700 -0.01049220 0.64705882 0.63529412 0.70980392
v 0.03550290 0.25127700 -0.01049220 0.64705882 0.63529412 0.70980392
v 0.03550290 0.25127700 -0.01049220 0.64705882 0.63529412 0.70980392
v 0.03550290 0.25127700 -0.01049220 0.64705882 0.63529412 0.70980392
v 0.03597840 0.28870200 -0.01135510 0.54901961 0.42745098 0.55294118
v 0.03597840 0.28870200 -0.01135510 0.54901961 0.42745098 0.55294118
v 0.03597840 0.28870200 -0.01135510 0.54901961 0.42745098 0.55294118
v 0.03597840 0.28870200 -0.01135510 0.54901961 0.42745098 0.55294118
v 0.02473800 0.32367800 -0.03513460 0.87058824 0.81176471 0.90588235
v 0.02473800 0.32367800 -0.03513460 0.87058824 0.81176471 0.90588235
v 0.02473800 0.32367800 -0.03513460 0.87058824 0.81176471 0.90588235
v 0.02473800 0.32367800 -0.03513460 0.87058824 0.81176471 0.90588235
v 0.02473800 0.32367800 -0.03513460 0.87058824 0.81176471 0.90588235
v -0.01800200 0.36155800 -0.03575340 0.66666667 0.62745098 0.72941176
v -0.01800200 0.36155800 -0.03575340 0.66666667 0.62745098 0.72941176
v -0.01800200 0.36155800 -0.03575340 0.66666667 0.62745098 0.72941176
v -0.01800200 0.36155800 -0.03575340 0.66666667 0.62745098 0.72941176
v -0.01871200 0.36188200 -0.01055810 0.73725490 0.68627451 0.80000000
v -0.01871200 0.36188200 -0.01055810 0.73725490 0.68627451 0.80000000
v -0.01871200 0.36188200 -0.01055810 0.73725490 0.68627451 0.80000000
v -0.01871200 0.36188200 -0.01055810 0.73725490 0.68627451 0.80000000
v -0.02101370 0.40155400 -0.01165800 0.94509804 0.91372549 0.96078431
v -0.02101370 0.40155400 -0.01165800 0.94509804 0.91372549 0.96078431
v -0.02101370 0.40155400 -0.01165800 0.94509804 0.91372549 0.96078431
v -0.02101370 0.40155400 -0.01165800 0.94509804 0.91372549 0.96078431
v -0.05534270 0.40569500 0.01189770 0.78431373 0.75686275 0.78823529
v -0.05534270 0.40569500 0.01189770 0.78431373 0.75686275 0.78823529
v -0.05534270 0.40569500 0.01189770 0.78431373 0.75686275 0.78823529
v -0.05534270 0.40569500 0.01189770 0.78431373 0.75686275 0.78823529
v -0.05534270 0.40569500 0.01189770 0.78431373 0.75686275 0.78823529
v -0.08457200 0.40705200 0.01343970 0.78431373 0.75686275 0.78823529
v -0.08457200 0.40705200 0.01343970 0.78431373 0.75686275 0.78823529
v -0.08457200 0.40705200 0.01343970 0.78431373 0.75686275 0.78823529
v -0.10938000 0.36201000 0.01444920 0.83921569 0.76470588 0.64705882
v -0.10938000 0.36201000 0.01444920 0.83921569 0.76470588 0.64705882
v -0.10938000 0.36201000 0.01444920 0.83921569 0.76470588 0.64705882
v 0.00681612 0.24832900 0.01287900 0.65098039 0.60784314 0.67843137
v 0.00681612 0.24832900 0.01287900 0.65098039 0.60784314 0.67843137
v 0.00681612 0.24832900 0.01287900 0.65098039 0.60784314 0.67843137
v 0.00681612 0.24832900 0.01287900 0.65098039 0.60784314 0.67843137
v 0.00681612 0.24832900 0.01287900 0.65098039 0.60784314 0.67843137
v -0.03378160 0.28965000 0.01238130 0.60392157 0.54901961 0.62745098
v -0.03378160 0.28965000 0.01238130 0.60392157 0.54901961 0.62745098
v -0.03378160 0.28965000 0.01238130 0.60392157 0.54901961 0.62745098
v -0.03378160 0.28965000 0.01238130 0.60392157 0.54901961 0.62745098
v 0.03557230 0.24731700 0.01401700 0.93333333 0.90588235 0.96470588
v 0.03557230 0.24731700 0.01401700 0.93333333 0.90588235 0.96470588
v 0.03557230 0.24731700 0.01401700 0.93333333 0.90588235 0.96470588
v -0.03295870 0.31726000 -0.01226720 0.64705882 0.61960784 0.70980392
v -0.03295870 0.31726000 -0.01226720 0.64705882 0.61960784 0.70980392
v -0.03295870 0.31726000 -0.01226720 0.64705882 0.61960784 0.70980392
v 0.00984515 0.31584400 -0.01342550 0.67843137 0.61960784 0.70588235
v 0.00984515 0.31584400 -0.01342550 0.67843137 0.61960784 0.70588235
v 0.00984515 0.31584400 -0.01342550 0.67843137 0.61960784 0.70588235
v 0.00995324 0.28413800 0.01234770 0.67843137 0.61960784 0.70980392
v 0.00995324 0.28413800 0.01234770 0.67843137 0.61960784 0.70980392
v 0.00995324 0.28413800 0.01234770 0.67843137 0.61960784 0.70980392
v 0.00995324 0.28413800 0.01234770 0.67843137 0.61960784 0.70980392
v -0.02186700 0.37078900 0.01165800 0.65490196 0.62745098 0.71764706
v -0.02186700 0.37078900 0.01165800 0.65490196 0.62745098 0.71764706
v -0.02186700 0.37078900 0.01165800 0.65490196 0.62745098 0.71764706
v -0.02186700 0.37078900 0.01165800 0.65490196 0.62745098 0.71764706
v -0.02072590 0.33771500 0.01085470 0.64705882 0.61960784 0.70980392
v -0.02072590 0.33771500 0.01085470 0.64705882 0.61960784 0.70980392
v -0.02072590 0.33771500 0.01085470 0.64705882 0.61960784 0.70980392
v -0.02072590 0.33771500 0.01085470 0.64705882 0.61960784 0.70980392
v -0.01843630 0.33821300 0.03598700 0.64705882 0.61960784 0.70980392
v -0.01843630 0.33821300 0.03598700 0.64705882 0.61960784 0.70980392
v -0.01843630 0.33821300 0.03598700 0.64705882 0.61960784 0.70980392
v -0.01843630 0.33821300 0.03598700 0.64705882 0.61960784 0.70980392
v -0.02254810 0.30403600 0.03497400 0.67843137 0.65490196 0.72941176
v -0.02254810 0.30403600 0.03497400 0.67843137 0.65490196 0.72941176
v -0.02254810 0.30403600 0.03497400 0.67843137 0.65490196 0.72941176
v -0.02254810 0.30403600 0.03497400 0.67843137 0.65490196 0.72941176
v -0.02254810 0.30403600 0.03497400 0.67843137 0.65490196 0.72941176
v 0.04290230 0.24720100 0.01098110 0.93333333 0.90588235 0.96470588
v 0.04290230 0.24720100 0.01098110 0.93333333 0.90588235 0.96470588
v 0.04290230 0.24720100 0.01098110 0.93333333 0.90588235 0.96470588
v 0.04290230 0.24720100 0.01098110 0.93333333 0.90588235 0.96470588
v 0.04290230 0.24720100 0.01098110 0.93333333 0.90588235 0.96470588
v 0.04290230 0.24720100 0.01098110 0.93333333 0.90588235 0.96470588
v 0.08250980 0.23202500 0.01279650 0.73333333 0.67843137 0.73333333
v 0.08250980 0.23202500 0.01279650 0.73333333 0.67843137 0.73333333
v 0.08250980 0.23202500 0.01279650 0.73333333 0.67843137 0.73333333
v 0.08250980 0.23202500 0.01279650 0.73333333 0.67843137 0.73333333
v 0.07892230 0.26032800 -0.01223460 0.79215686 0.78039216 0.82745098
v 0.07892230 0.26032800 -0.01223460 0.79215686 0.78039216 0.82745098
v 0.07892230 0.26032800 -0.01223460 0.79215686 0.78039216 0.82745098
v 0.07892230 0.26032800 -0.01223460 0.79215686 0.78039216 0.82745098
v 0.08018500 0.29256700 -0.01248230 0.81960784 0.77254902 0.83137255
v 0.08018500 0.29256700 -0.01248230 0.81960784 0.77254902 0.83137255
v 0.08018500 0.29256700 -0.01248230 0.81960784 0.77254902 0.83137255
v 0.08018500 0.29256700 -0.01248230 0.81960784 0.77254902 0.83137255
v 0.08018500 0.29256700 -0.01248230 0.81960784 0.77254902 0.83137255
v 0.03434000 0.31761500 -0.00835053 0.58823529 0.47058824 0.58823529
v 0.03434000 0.31761500 -0.00835053 0.58823529 0.47058824 0.58823529
v 0.03434000 0.31761500 -0.00835053 0.58823529 0.47058824 0.58823529
v 0.01990470 0.36115600 -0.03571790 0.64705882 0.61960784 0.70588235
v 0.01990470 0.36115600 -0.03571790 0.64705882 0.61960784 0.70588235
v 0.01990470 0.36115600 -0.03571790 0.64705882 0.61960784 0.70588235
v 0.01990470 0.36115600 -0.03571790 0.64705882 0.61960784 0.70588235
v 0.01758680 0.36179800 -0.01059700 0.84313725 0.81568627 0.86666667
v 0.01758680 0.36179800 -0.01059700 0.84313725 0.81568627 0.86666667
v 0.01758680 0.36179800 -0.01059700 0.84313725 0.81568627 0.86666667
v 0.01758680 0.36179800 -0.01059700 0.84313725 0.81568627 0.86666667
v -0.05878070 0.44550300 -0.01280360 0.87058824 0.82745098 0.90588235
v -0.05878070 0.44550300 -0.01280360 0.87058824 0.82745098 0.90588235
v -0.05878070 0.44550300 -0.01280360 0.87058824 0.82745098 0.90588235
v -0.02581850 0.44071400 -0.01177230 0.78431373 0.73725490 0.81568627
v -0.02581850 0.44071400 -0.01177230 0.78431373 0.73725490 0.81568627
v -0.02581850 0.44071400 -0.01177230 0.78431373 0.73725490 0.81568627
v -0.02581850 0.44071400 -0.01177230 0.78431373 0.73725490 0.81568627
v -0.02581850 0.44071400 -0.01177230 0.78431373 0.73725490 0.81568627
v 0.01487800 0.40047100 -0.01165800 0.80784314 0.76862745 0.83921569
v 0.01487800 0.40047100 -0.01165800 0.80784314 0.76862745 0.83921569
v 0.01487800 0.40047100 -0.01165800 0.80784314 0.76862745 0.83921569
v 0.01487800 0.40047100 -0.01165800 0.80784314 0.76862745 0.83921569
v -0.05913820 0.44553100 0.01296490 0.87058824 0.82745098 0.90588235
v -0.05913820 0.44553100 0.01296490 0.87058824 0.82745098 0.90588235
v -0.05913820 0.44553100 0.01296490 0.87058824 0.82745098 0.90588235
v -0.03387570 0.31887100 0.01165800 0.64705882 0.60784314 0.68627451
v -0.03387570 0.31887100 0.01165800 0.64705882 0.60784314 0.68627451
v -0.03387570 0.31887100 0.01165800 0.64705882 0.60784314 0.68627451
v 0.00847076 0.31538300 0.01306850 0.65098039 0.60784314 0.70980392
v 0.00847076 0.31538300 0.01306850 0.65098039 0.60784314 0.70980392
v 0.00847076 0.31538300 0.01306850 0.65098039 0.60784314 0.70980392
v -0.02385240 0.40544700 0.01165800 0.69411765 0.66666667 0.71372549
v -0.02385240 0.40544700 0.01165800 0.69411765 0.66666667 0.71372549
v -0.02385240 0.40544700 0.01165800 0.69411765 0.66666667 0.71372549
v -0.02385240 0.40544700 0.01165800 0.69411765 0.66666667 0.71372549
v 0.01083510 0.36991500 0.01165800 0.63529412 0.60392157 0.69803922
v 0.01083510 0.36991500 0.01165800 0.63529412 0.60392157 0.69803922
v 0.01083510 0.36991500 0.01165800 0.63529412 0.60392157 0.69803922
v 0.01083510 0.36991500 0.01165800 0.63529412 0.60392157 0.69803922
v 0.00987084 0.33759700 0.01028770 0.67843137 0.64705882 0.73333333
v 0.00987084 0.33759700 0.01028770 0.67843137 0.64705882 0.73333333
v 0.00987084 0.33759700 0.01028770 0.67843137 0.64705882 0.73333333
v 0.00987084 0.33759700 0.01028770 0.67843137 0.64705882 0.73333333
v 0.01027820 0.33727300 0.03602740 0.67843137 0.64705882 0.73333333
v 0.01027820 0.33727300 0.03602740 0.67843137 0.64705882 0.73333333
v 0.01027820 0.33727300 0.03602740 0.67843137 0.64705882 0.73333333
v 0.01027820 0.33727300 0.03602740 0.67843137 0.64705882 0.73333333
v 0.00804241 0.31082600 0.03497400 0.65098039 0.60784314 0.70980392
v 0.00804241 0.31082600 0.03497400 0.65098039 0.60784314 0.70980392
v 0.00804241 0.31082600 0.03497400 0.65098039 0.60784314 0.70980392
v 0.03436780 0.29501600 0.03547520 0.83529412 0.82352941 0.86666667
v 0.03436780 0.29501600 0.03547520 0.83529412 0.82352941 0.86666667
v 0.03436780 0.29501600 0.03547520 0.83529412 0.82352941 0.86666667
v 0.03436780 0.29501600 0.03547520 0.83529412 0.82352941 0.86666667
v 0.03726040 0.29407400 0.01102160 0.83529412 0.82352941 0.86666667
v 0.03726040 0.29407400 0.01102160 0.83529412 0.82352941 0.86666667
v 0.03726040 0.29407400 0.01102160 0.83529412 0.82352941 0.86666667
v 0.03726040 0.29407400 0.01102160 0.83529412 0.82352941 0.86666667
v 0.08100260 0.26189600 0.01252700 0.79215686 0.78039216 0.82745098
v 0.08100260 0.26189600 0.01252700 0.79215686 0.78039216 0.82745098
v 0.08100260 0.26189600 0.01252700 0.79215686 0.78039216 0.82745098
v 0.08100260 0.26189600 0.01252700 0.79215686 0.78039216 0.82745098
v 0.08016130 0.29478700 0.01229870 0.81960784 0.77254902 0.83137255
v 0.08016130 0.29478700 0.01229870 0.81960784 0.77254902 0.83137255
v 0.08016130 0.29478700 0.01229870 0.81960784 0.77254902 0.83137255
v 0.08016130 0.29478700 0.01229870 0.81960784 0.77254902 0.83137255
v 0.05838350 0.32384500 -0.01052150 0.54509804 0.39215686 0.44705882
v 0.05838350 0.32384500 -0.01052150 0.54509804 0.39215686 0.44705882
v 0.05838350 0.32384500 -0.01052150 0.54509804 0.39215686 0.44705882
v 0.05838350 0.32384500 -0.01052150 0.54509804 0.39215686 0.44705882
v 0.05838350 0.32384500 -0.01052150 0.54509804 0.39215686 0.44705882
v 0.05871260 0.32005800 -0.03663570 0.54901961 0.42745098 0.55294118
v 0.05871260 0.32005800 -0.03663570 0.54901961 0.42745098 0.55294118
v 0.05871260 0.32005800 -0.03663570 0.54901961 0.42745098 0.55294118
v 0.05704460 0.36097500 -0.03634970 0.91764706 0.89019608 0.93725490
v 0.05704460 0.36097500 -0.03634970 0.91764706 0.89019608 0.93725490
v 0.05704460 0.36097500 -0.03634970 0.91764706 0.89019608 0.93725490
v 0.05443580 0.36210700 -0.01048330 0.80784314 0.79607843 0.83921569
v 0.05443580 0.36210700 -0.01048330 0.80784314 0.79607843 0.83921569
v 0.05443580 0.36210700 -0.01048330 0.80784314 0.79607843 0.83921569
v 0.05443580 0.36210700 -0.01048330 0.80784314 0.79607843 0.83921569
v 0.05443580 0.36210700 -0.01048330 0.80784314 0.79607843 0.83921569
v 0.00830638 0.43810200 -0.01165800 0.82745098 0.78823529 0.85882353
v 0.00830638 0.43810200 -0.01165800 0.82745098 0.78823529 0.85882353
v 0.00830638 0.43810200 -0.01165800 0.82745098 0.78823529 0.85882353
v 0.00830638 0.43810200 -0.01165800 0.82745098 0.78823529 0.85882353
v -0.02911220 0.44194500 0.01191750 0.74901961 0.72156863 0.78431373
v -0.02911220 0.44194500 0.01191750 0.74901961 0.72156863 0.78431373
v -0.02911220 0.44194500 0.01191750 0.74901961 0.72156863 0.78431373
v -0.02911220 0.44194500 0.01191750 0.74901961 0.72156863 0.78431373
v -0.02911220 0.44194500 0.01191750 0.74901961 0.72156863 0.78431373
v 0.05481940 0.40087900 -0.01208350 0.78431373 0.75686275 0.80784314
v 0.05481940 0.40087900 -0.01208350 0.78431373 0.75686275 0.80784314
v 0.05481940 0.40087900 -0.01208350 0.78431373 0.75686275 0.80784314
v 0.05481940 0.40087900 -0.01208350 0.78431373 0.75686275 0.80784314
v 0.05481940 0.40087900 -0.01208350 0.78431373 0.75686275 0.80784314
v 0.05481940 0.40087900 -0.01208350 0.78431373 0.75686275 0.80784314
v 0.01058750 0.40403000 0.01165800 0.74117647 0.69019608 0.80392157
v 0.01058750 0.40403000 0.01165800 0.74117647 0.69019608 0.80392157
v 0.01058750 0.40403000 0.01165800 0.74117647 0.69019608 0.80392157
v 0.01058750 0.40403000 0.01165800 0.74117647 0.69019608 0.80392157
v 0.03899230 0.33373600 0.01113740 0.67843137 0.61960784 0.70588235
v 0.03899230 0.33373600 0.01113740 0.67843137 0.61960784 0.70588235
v 0.03899230 0.33373600 0.01113740 0.67843137 0.61960784 0.70588235
v 0.03899230 0.33373600 0.01113740 0.67843137 0.61960784 0.70588235
v 0.03899230 0.33373600 0.01113740 0.67843137 0.61960784 0.70588235
v 0.04447380 0.36796800 0.01165800 0.96862745 0.95294118 0.96862745
v 0.04447380 0.36796800 0.01165800 0.96862745 0.95294118 0.96862745
v 0.04447380 0.36796800 0.01165800 0.96862745 0.95294118 0.96862745
v 0.04447380 0.36796800 0.01165800 0.96862745 0.95294118 0.96862745
v 0.03687170 0.33702600 0.03829940 0.67843137 0.61960784 0.70588235
v 0.03687170 0.33702600 0.03829940 0.67843137 0.61960784 0.70588235
v 0.03687170 0.33702600 0.03829940 0.67843137 0.61960784 0.70588235
v 0.07934340 0.33327100 0.01240400 0.54509804 0.39215686 0.44705882
v 0.07934340 0.33327100 0.01240400 0.54509804 0.39215686 0.44705882
v 0.07934340 0.33327100 0.01240400 0.54509804 0.39215686 0.44705882
v 0.07934340 0.33327100 0.01240400 0.54509804 0.39215686 0.44705882
v 0.07934340 0.33327100 0.01240400 0.54509804 0.39215686 0.44705882
v 0.08249310 0.33453800 -0.01257930 0.94509804 0.91372549 0.94509804
v 0.08249310 0.33453800 -0.01257930 0.94509804 0.91372549 0.94509804
v 0.08249310 0.33453800 -0.01257930 0.94509804 0.91372549 0.94509804
v 0.08249310 0.33453800 -0.01257930 0.94509804 0.91372549 0.94509804
v 0.08249310 0.33453800 -0.01257930 0.94509804 0.91372549 0.94509804
v -0.02667750 0.47766000 -0.01326820 0.87058824 0.82745098 0.90588235
v -0.02667750 0.47766000 -0.01326820 0.87058824 0.82745098 0.90588235
v -0.02667750 0.47766000 -0.01326820 0.87058824 0.82745098 0.90588235
v 0.00972117 0.47663300 -0.01260700 0.87058824 0.82745098 0.90588235
v 0.00972117 0.47663300 -0.01260700 0.87058824 0.82745098 0.90588235
v 0.00972117 0.47663300 -0.01260700 0.87058824 0.82745098 0.90588235
v 0.00972117 0.47663300 -0.01260700 0.87058824 0.82745098 0.90588235
v 0.00972117 0.47663300 -0.01260700 0.87058824 0.82745098 0.90588235
v -0.02716190 0.47779000 0.01308250 0.87058824 0.82745098 0.90588235
v -0.02716190 0.47779000 0.01308250 0.87058824 0.82745098 0.90588235
v -0.02716190 0.47779000 0.01308250 0.87058824 0.82745098 0.90588235
v 0.08180030 0.36471500 -0.01231440 0.79215686 0.72549020 0.78431373
v 0.08180030 0.36471500 -0.01231440 0.79215686 0.72549020 0.78431373
v 0.08180030 0.36471500 -0.01231440 0.79215686 0.72549020 0.78431373
v 0.08180030 0.36471500 -0.01231440 0.79215686 0.72549020 0.78431373
v 0.08180030 0.36471500 -0.01231440 0.79215686 0.72549020 0.78431373
v 0.08445330 0.40638600 -0.01363180 0.92941176 0.89803922 0.96078431
v 0.08445330 0.40638600 -0.01363180 0.92941176 0.89803922 0.96078431
v 0.08445330 0.40638600 -0.01363180 0.92941176 0.89803922 0.96078431
v 0.00762987 0.43905100 0.01165800 0.94509804 0.91372549 0.96078431
v 0.00762987 0.43905100 0.01165800 0.94509804 0.91372549 0.96078431
v 0.00762987 0.43905100 0.01165800 0.94509804 0.91372549 0.96078431
v 0.00762987 0.43905100 0.01165800 0.94509804 0.91372549 0.96078431
v 0.04844740 0.40219600 0.01182520 0.78431373 0.75686275 0.80784314
v 0.04844740 0.40219600 0.01182520 0.78431373 0.75686275 0.80784314
v 0.04844740 0.40219600 0.01182520 0.78431373 0.75686275 0.80784314
v 0.04844740 0.40219600 0.01182520 0.78431373 0.75686275 0.80784314
v 0.04844740 0.40219600 0.01182520 0.78431373 0.75686275 0.80784314
v 0.04844740 0.40219600 0.01182520 0.78431373 0.75686275 0.80784314
v 0.07984950 0.36611700 0.01245770 0.79215686 0.72549020 0.78431373
v 0.07984950 0.36611700 0.01245770 0.79215686 0.72549020 0.78431373
v 0.07984950 0.36611700 0.01245770 0.79215686 0.72549020 0.78431373
v 0.07984950 0.36611700 0.01245770 0.79215686 0.72549020 0.78431373
v 0.07984950 0.36611700 0.01245770 0.79215686 0.72549020 0.78431373
v 0.10817900 0.33734400 0.01465210 0.54509804 0.39215686 0.44705882
v 0.10817900 0.33734400 0.01465210 0.54509804 0.39215686 0.44705882
v 0.10817900 0.33734400 0.01465210 0.54509804 0.39215686 0.44705882
v 0.10817900 0.33734400 0.01465210 0.54509804 0.39215686 0.44705882
v 0.10930900 0.33748000 -0.01435880 0.94509804 0.91372549 0.94509804
v 0.10930900 0.33748000 -0.01435880 0.94509804 0.91372549 0.94509804
v 0.03423590 0.43488300 -0.01276020 0.80784314 0.76862745 0.83921569
v 0.03423590 0.43488300 -0.01276020 0.80784314 0.76862745 0.83921569
v 0.03423590 0.43488300 -0.01276020 0.80784314 0.76862745 0.83921569
v 0.03423590 0.43488300 -0.01276020 0.80784314 0.76862745 0.83921569
v 0.03680930 0.47583000 -0.01255650 0.87450980 0.83921569 0.90980392
v 0.03680930 0.47583000 -0.01255650 0.87450980 0.83921569 0.90980392
v 0.03680930 0.47583000 -0.01255650 0.87450980 0.83921569 0.90980392
v 0.03680930 0.47583000 -0.01255650 0.87450980 0.83921569 0.90980392
v 0.00941101 0.47703400 0.01273420 0.87058824 0.82745098 0.90588235
v 0.00941101 0.47703400 0.01273420 0.87058824 0.82745098 0.90588235
v 0.00941101 0.47703400 0.01273420 0.87058824 0.82745098 0.90588235
v 0.00941101 0.47703400 0.01273420 0.87058824 0.82745098 0.90588235
v 0.00941101 0.47703400 0.01273420 0.87058824 0.82745098 0.90588235
v 0.08291760 0.40654900 0.01405910 0.92941176 0.89803922 0.96078431
v 0.08291760 0.40654900 0.01405910 0.92941176 0.89803922 0.96078431
v 0.08291760 0.40654900 0.01405910 0.92941176 0.89803922 0.96078431
v 0.05988530 0.43223700 -0.01386230 0.81568627 0.77254902 0.84705882
v 0.05988530 0.43223700 -0.01386230 0.81568627 0.77254902 0.84705882
v 0.03960510 0.43352400 0.01222020 0.80784314 0.76862745 0.83921569
v 0.03960510 0.43352400 0.01222020 0.80784314 0.76862745 0.83921569
v 0.03960510 0.43352400 0.01222020 0.80784314 0.76862745 0.83921569
v 0.03960510 0.43352400 0.01222020 0.80784314 0.76862745 0.83921569
v 0.03960510 0.43352400 0.01222020 0.80784314 0.76862745 0.83921569
v 0.03960510 0.43352400 0.01222020 0.80784314 0.76862745 0.83921569
v 0.10802400 0.36500800 0.01230520 0.79215686 0.72549020 0.78431373
v 0.10802400 0.36500800 0.01230520 0.79215686 0.72549020 0.78431373
v 0.03708870 0.47705100 0.01464520 0.87450980 0.83921569 0.90980392
v 0.03708870 0.47705100 0.01464520 0.87450980 0.83921569 0.90980392
v 0.03708870 0.47705100 0.01464520 0.87450980 0.83921569 0.90980392
v 0.01388080 0.50207500 0.01480480 0.87058824 0.82745098 0.90588235
v 0.01388080 0.50207500 0.01480480 0.87058824 0.82745098 0.90588235
v 0.01388080 0.50207500 0.01480480 0.87058824 0.82745098 0.90588235
v 0.01362750 0.50143700 -0.01465760 0.87058824 0.82745098 0.90588235
v 0.01362750 0.50143700 -0.01465760 0.87058824 0.82745098 0.90588235
v 0.06431730 0.43211500 0.01472180 0.81568627 0.77254902 0.84705882
v 0.06431730 0.43211500 0.01472180 0.81568627 0.77254902 0.84705882
v -0.10679700 -0.24864000 0.03497400 0.74117647 0.55686275 0.09411765
v -0.10679700 -0.24864000 0.03497400 0.74117647 0.55686275 0.09411765
v -0.10679700 -0.24864000 0.03497400 0.74117647 0.55686275 0.09411765
v -0.10671000 -0.22073900 0.05576140 0.74117647 0.55686275 0.09411765
v -0.10671000 -0.22073900 0.05576140 0.74117647 0.55686275 0.09411765
v -0.10671000 -0.22073900 0.05576140 0.74117647 0.55686275 0.09411765
v -0.10671000 -0.22073900 0.05576140 0.74117647 0.55686275 0.09411765
v -0.10466800 -0.25795900 0.01704160 0.61176471 0.30588235 0.06274510
v -0.10466800 -0.25795900 0.01704160 0.61176471 0.30588235 0.06274510
v -0.10466800 -0.25795900 0.01704160 0.61176471 0.30588235 0.06274510
v -0.10466800 -0.25795900 0.01704160 0.61176471 0.30588235 0.06274510
v -0.10466800 -0.25795900 0.01704160 0.61176471 0.30588235 0.06274510
v -0.10494300 -0.22120200 0.01515060 0.72156863 0.51764706 0.11372549
v -0.10494300 -0.22120200 0.01515060 0.72156863 0.51764706 0.11372549
v -0.10494300 -0.22120200 0.01515060 0.72156863 0.51764706 0.11372549
v -0.10494300 -0.22120200 0.01515060 0.72156863 0.51764706 0.11372549
v -0.10494300 -0.22120200 0.01515060 0.72156863 0.51764706 0.11372549
v -0.10852600 -0.24749600 0.05894200 0.74117647 0.55686275 0.09411765
v -0.10852600 -0.24749600 0.05894200 0.74117647 0.55686275 0.09411765
v -0.10852600 -0.24749600 0.05894200 0.74117647 0.55686275 0.09411765
v -0.12931500 -0.25610400 0.01259440 0.54901961 0.27058824 0.06274510
v -0.12931500 -0.25610400 0.01259440 0.54901961 0.27058824 0.06274510
v -0.12931500 -0.25610400 0.01259440 0.54901961 0.27058824 0.06274510
v -0.12931500 -0.25610400 0.01259440 0.54901961 0.27058824 0.06274510
v -0.12916000 -0.22130800 0.01365830 0.54901961 0.27058824 0.06274510
v -0.12916000 -0.22130800 0.01365830 0.54901961 0.27058824 0.06274510
v -0.12916000 -0.22130800 0.01365830 0.54901961 0.27058824 0.06274510
v -0.07211900 -0.22150200 0.01847120 0.64705882 0.50980392 0.12941176
v -0.07211900 -0.22150200 0.01847120 0.64705882 0.50980392 0.12941176
v -0.07211900 -0.22150200 0.01847120 0.64705882 0.50980392 0.12941176
v -0.07211900 -0.22150200 0.01847120 0.64705882 0.50980392 0.12941176
v -0.07426590 -0.22115200 0.05757890 0.68235294 0.46666667 0.10196078
v -0.07426590 -0.22115200 0.05757890 0.68235294 0.46666667 0.10196078
v -0.07426590 -0.22115200 0.05757890 0.68235294 0.46666667 0.10196078
v -0.07426590 -0.22115200 0.05757890 0.68235294 0.46666667 0.10196078
v -0.07989940 -0.25812600 0.05929070 0.56470588 0.34117647 0.08627451
v -0.07989940 -0.25812600 0.05929070 0.56470588 0.34117647 0.08627451
v -0.07989940 -0.25812600 0.05929070 0.56470588 0.34117647 0.08627451
v -0.07989940 -0.25812600 0.05929070 0.56470588 0.34117647 0.08627451
v -0.07989940 -0.25812600 0.05929070 0.56470588 0.34117647 0.08627451
v -0.10832800 -0.26747300 0.05979290 0.51764706 0.30588235 0.03137255
v -0.10832800 -0.26747300 0.05979290 0.51764706 0.30588235 0.03137255
v -0.10832800 -0.26747300 0.05979290 0.51764706 0.30588235 0.03137255
v -0.12896200 -0.25621200 -0.01350830 0.64705882 0.45882353 0.12941176
v -0.12896200 -0.25621200 -0.01350830 0.64705882 0.45882353 0.12941176
v -0.12896200 -0.25621200 -0.01350830 0.64705882 0.45882353 0.12941176
v -0.12896200 -0.25621200 -0.01350830 0.64705882 0.45882353 0.12941176
v -0.12890800 -0.22136700 -0.01448190 0.64705882 0.45882353 0.12941176
v -0.12890800 -0.22136700 -0.01448190 0.64705882 0.45882353 0.12941176
v -0.12890800 -0.22136700 -0.01448190 0.64705882 0.45882353 0.12941176
v -0.10416800 -0.22100700 -0.01417580 0.64705882 0.49411765 0.09411765
v -0.10416800 -0.22100700 -0.01417580 0.64705882 0.49411765 0.09411765
v -0.10416800 -0.22100700 -0.01417580 0.64705882 0.49411765 0.09411765
v -0.10416800 -0.22100700 -0.01417580 0.64705882 0.49411765 0.09411765
v -0.10416800 -0.22100700 -0.01417580 0.64705882 0.49411765 0.09411765
v -0.10416800 -0.22100700 -0.01417580 0.64705882 0.49411765 0.09411765
v -0.10488300 -0.29198900 0.01760260 0.51764706 0.30588235 0.03137255
v -0.10488300 -0.29198900 0.01760260 0.51764706 0.30588235 0.03137255
v -0.10488300 -0.29198900 0.01760260 0.51764706 0.30588235 0.03137255
v -0.10488300 -0.29198900 0.01760260 0.51764706 0.30588235 0.03137255
v -0.10488300 -0.29198900 0.01760260 0.51764706 0.30588235 0.03137255
v -0.12874800 -0.29130800 0.01371310 0.41568627 0.20000000 0.03137255
v -0.12874800 -0.29130800 0.01371310 0.41568627 0.20000000 0.03137255
v -0.12874800 -0.29130800 0.01371310 0.41568627 0.20000000 0.03137255
v -0.07167790 -0.22150200 -0.01804360 0.60784314 0.42352941 0.09803922
v -0.07167790 -0.22150200 -0.01804360 0.60784314 0.42352941 0.09803922
v -0.07167790 -0.22150200 -0.01804360 0.60784314 0.42352941 0.09803922
v -0.07167790 -0.22150200 -0.01804360 0.60784314 0.42352941 0.09803922
v -0.03755060 -0.22150200 0.01880350 0.17254902 0.10980392 0.03137255
v -0.03755060 -0.22150200 0.01880350 0.17254902 0.10980392 0.03137255
v -0.03755060 -0.22150200 0.01880350 0.17254902 0.10980392 0.03137255
v -0.03755060 -0.22150200 0.01880350 0.17254902 0.10980392 0.03137255
v -0.03934110 -0.22147400 0.05786270 0.87450980 0.80392157 0.52941176
v -0.03934110 -0.22147400 0.05786270 0.87450980 0.80392157 0.52941176
v -0.03934110 -0.22147400 0.05786270 0.87450980 0.80392157 0.52941176
v -0.03934110 -0.22147400 0.05786270 0.87450980 0.80392157 0.52941176
v -0.04182350 -0.25689200 0.05829000 0.60000000 0.34509804 0.06274510
v -0.04182350 -0.25689200 0.05829000 0.60000000 0.34509804 0.06274510
v -0.04182350 -0.25689200 0.05829000 0.60000000 0.34509804 0.06274510
v -0.04182350 -0.25689200 0.05829000 0.60000000 0.34509804 0.06274510
v -0.10549600 -0.29469400 0.05820250 0.66274510 0.34901961 0.07843137
v -0.10549600 -0.29469400 0.05820250 0.66274510 0.34901961 0.07843137
v -0.10549600 -0.29469400 0.05820250 0.66274510 0.34901961 0.07843137
v -0.10447700 -0.25625100 -0.01127990 0.64705882 0.49411765 0.09411765
v -0.10447700 -0.25625100 -0.01127990 0.64705882 0.49411765 0.09411765
v -0.10447700 -0.25625100 -0.01127990 0.64705882 0.49411765 0.09411765
v -0.12880400 -0.29132400 -0.01393830 0.41568627 0.20000000 0.03137255
v -0.12880400 -0.29132400 -0.01393830 0.41568627 0.20000000 0.03137255
v -0.12880400 -0.29132400 -0.01393830 0.41568627 0.20000000 0.03137255
v -0.10485000 -0.29160200 -0.01685070 0.50588235 0.29411765 0.03137255
v -0.10485000 -0.29160200 -0.01685070 0.50588235 0.29411765 0.03137255
v -0.10485000 -0.29160200 -0.01685070 0.50588235 0.29411765 0.03137255
v -0.10485000 -0.29160200 -0.01685070 0.50588235 0.29411765 0.03137255
v -0.10485000 -0.29160200 -0.01685070 0.50588235 0.29411765 0.03137255
v -0.10485000 -0.29160200 -0.01685070 0.50588235 0.29411765 0.03137255
v -0.10538500 -0.21960300 -0.05760530 0.74117647 0.55686275 0.09411765
v -0.10538500 -0.21960300 -0.05760530 0.74117647 0.55686275 0.09411765
v -0.10538500 -0.21960300 -0.05760530 0.74117647 0.55686275 0.09411765
v -0.07326940 -0.22139600 -0.05724040 0.58823529 0.38039216 0.08627451
v -0.07326940 -0.22139600 -0.05724040 0.58823529 0.38039216 0.08627451
v -0.07326940 -0.22139600 -0.05724040 0.58823529 0.38039216 0.08627451
v -0.07326940 -0.22139600 -0.05724040 0.58823529 0.38039216 0.08627451
v -0.03714080 -0.22150200 -0.01924420 0.21960784 0.17647059 0.12549020
v -0.03714080 -0.22150200 -0.01924420 0.21960784 0.17647059 0.12549020
v -0.03714080 -0.22150200 -0.01924420 0.21960784 0.17647059 0.12549020
v -0.03714080 -0.22150200 -0.01924420 0.21960784 0.17647059 0.12549020
v -0.00157659 -0.22150200 0.01806100 0.67843137 0.51372549 0.09411765
v -0.00157659 -0.22150200 0.01806100 0.67843137 0.51372549 0.09411765
v -0.00157659 -0.22150200 0.01806100 0.67843137 0.51372549 0.09411765
v -0.00157659 -0.22150200 0.01806100 0.67843137 0.51372549 0.09411765
v -0.00308554 -0.22153200 0.05763090 0.83529412 0.75294118 0.35686275
v -0.00308554 -0.22153200 0.05763090 0.83529412 0.75294118 0.35686275
v -0.00308554 -0.22153200 0.05763090 0.83529412 0.75294118 0.35686275
v -0.00308554 -0.22153200 0.05763090 0.83529412 0.75294118 0.35686275
v -0.00652068 -0.25660900 0.05829000 0.80784314 0.71372549 0.25882353
v -0.00652068 -0.25660900 0.05829000 0.80784314 0.71372549 0.25882353
v -0.00652068 -0.25660900 0.05829000 0.80784314 0.71372549 0.25882353
v -0.00652068 -0.25660900 0.05829000 0.80784314 0.71372549 0.25882353
v -0.04235290 -0.29146400 0.05777390 0.63529412 0.33333333 0.09411765
v -0.04235290 -0.29146400 0.05777390 0.63529412 0.33333333 0.09411765
v -0.04235290 -0.29146400 0.05777390 0.63529412 0.33333333 0.09411765
v -0.04235290 -0.29146400 0.05777390 0.63529412 0.33333333 0.09411765
v -0.07570960 -0.29183900 0.05789850 0.39215686 0.19215686 0.03137255
v -0.07570960 -0.29183900 0.05789850 0.39215686 0.19215686 0.03137255
v -0.07570960 -0.29183900 0.05789850 0.39215686 0.19215686 0.03137255
v -0.07570960 -0.29183900 0.05789850 0.39215686 0.19215686 0.03137255
v -0.07429650 -0.29145000 0.01916240 0.51764706 0.30196078 0.03137255
v -0.07429650 -0.29145000 0.01916240 0.51764706 0.30196078 0.03137255
v -0.07429650 -0.29145000 0.01916240 0.51764706 0.30196078 0.03137255
v -0.07429650 -0.29145000 0.01916240 0.51764706 0.30196078 0.03137255
v -0.10645600 -0.25553000 -0.03525170 0.74117647 0.55686275 0.09411765
v -0.10645600 -0.25553000 -0.03525170 0.74117647 0.55686275 0.09411765
v -0.10645600 -0.25553000 -0.03525170 0.74117647 0.55686275 0.09411765
v -0.10645600 -0.25553000 -0.03525170 0.74117647 0.55686275 0.09411765
v -0.07391280 -0.29145000 -0.01832440 0.50588235 0.29019608 0.03137255
v -0.07391280 -0.29145000 -0.01832440 0.50588235 0.29019608 0.03137255
v -0.07391280 -0.29145000 -0.01832440 0.50588235 0.29019608 0.03137255
v -0.07391280 -0.29145000 -0.01832440 0.50588235 0.29019608 0.03137255
v -0.07823870 -0.26080000 -0.05938980 0.66666667 0.43137255 0.14901961
v -0.07823870 -0.26080000 -0.05938980 0.66666667 0.43137255 0.14901961
v -0.07823870 -0.26080000 -0.05938980 0.66666667 0.43137255 0.14901961
v -0.07823870 -0.26080000 -0.05938980 0.66666667 0.43137255 0.14901961
v -0.07823870 -0.26080000 -0.05938980 0.66666667 0.43137255 0.14901961
v -0.10841500 -0.24536900 -0.06043040 0.74117647 0.55686275 0.09411765
v -0.10841500 -0.24536900 -0.06043040 0.74117647 0.55686275 0.09411765
v -0.10841500 -0.24536900 -0.06043040 0.74117647 0.55686275 0.09411765
v -0.03816960 -0.22164900 -0.05784760 0.70980392 0.56078431 0.09411765
v -0.03816960 -0.22164900 -0.05784760 0.70980392 0.56078431 0.09411765
v -0.03816960 -0.22164900 -0.05784760 0.70980392 0.56078431 0.09411765
v -0.03816960 -0.22164900 -0.05784760 0.70980392 0.56078431 0.09411765
v -0.00090434 -0.22150200 -0.02041910 0.75686275 0.62352941 0.23921569
v -0.00090434 -0.22150200 -0.02041910 0.75686275 0.62352941 0.23921569
v -0.00090434 -0.22150200 -0.02041910 0.75686275 0.62352941 0.23921569
v -0.00090434 -0.22150200 -0.02041910 0.75686275 0.62352941 0.23921569
v 0.03579670 -0.22150200 0.01519440 0.19215686 0.14509804 0.12941176
v 0.03579670 -0.22150200 0.01519440 0.19215686 0.14509804 0.12941176
v 0.03579670 -0.22150200 0.01519440 0.19215686 0.14509804 0.12941176
v 0.03579670 -0.22150200 0.01519440 0.19215686 0.14509804 0.12941176
v 0.03522770 -0.22153500 0.05705830 0.73725490 0.56862745 0.17647059
v 0.03522770 -0.22153500 0.05705830 0.73725490 0.56862745 0.17647059
v 0.03522770 -0.22153500 0.05705830 0.73725490 0.56862745 0.17647059
v 0.03522770 -0.22153500 0.05705830 0.73725490 0.56862745 0.17647059
v 0.02758970 -0.25944700 0.05829000 0.68627451 0.49019608 0.09411765
v 0.02758970 -0.25944700 0.05829000 0.68627451 0.49019608 0.09411765
v 0.02758970 -0.25944700 0.05829000 0.68627451 0.49019608 0.09411765
v 0.02758970 -0.25944700 0.05829000 0.68627451 0.49019608 0.09411765
v -0.00863111 -0.29144400 0.05761970 0.68235294 0.42352941 0.12156863
v -0.00863111 -0.29144400 0.05761970 0.68235294 0.42352941 0.12156863
v -0.00863111 -0.29144400 0.05761970 0.68235294 0.42352941 0.12156863
v -0.00863111 -0.29144400 0.05761970 0.68235294 0.42352941 0.12156863
v -0.04267230 -0.29145000 0.01913490 0.10196078 0.04313725 0.03137255
v -0.04267230 -0.29145000 0.01913490 0.10196078 0.04313725 0.03137255
v -0.04267230 -0.29145000 0.01913490 0.10196078 0.04313725 0.03137255
v -0.04267230 -0.29145000 0.01913490 0.10196078 0.04313725 0.03137255
v -0.10622700 -0.29343700 -0.05816210 0.66274510 0.34901961 0.07843137
v -0.10622700 -0.29343700 -0.05816210 0.66274510 0.34901961 0.07843137
v -0.10622700 -0.29343700 -0.05816210 0.66274510 0.34901961 0.07843137
v -0.10580200 -0.26444100 -0.06075770 0.66274510 0.34901961 0.07843137
v -0.10580200 -0.26444100 -0.06075770 0.66274510 0.34901961 0.07843137
v -0.10580200 -0.26444100 -0.06075770 0.66274510 0.34901961 0.07843137
v -0.04206560 -0.29145000 -0.01814960 0.31372549 0.19607843 0.05882353
v -0.04206560 -0.29145000 -0.01814960 0.31372549 0.19607843 0.05882353
v -0.04206560 -0.29145000 -0.01814960 0.31372549 0.19607843 0.05882353
v -0.04206560 -0.29145000 -0.01814960 0.31372549 0.19607843 0.05882353
v -0.07436190 -0.29231600 -0.05764490 0.39215686 0.19215686 0.03137255
v -0.07436190 -0.29231600 -0.05764490 0.39215686 0.19215686 0.03137255
v -0.07436190 -0.29231600 -0.05764490 0.39215686 0.19215686 0.03137255
v -0.07436190 -0.29231600 -0.05764490 0.39215686 0.19215686 0.03137255
v -0.03993330 -0.25778900 -0.05829000 0.76862745 0.67450980 0.18431373
v -0.03993330 -0.25778900 -0.05829000 0.76862745 0.67450980 0.18431373
v -0.03993330 -0.25778900 -0.05829000 0.76862745 0.67450980 0.18431373
v -0.03993330 -0.25778900 -0.05829000 0.76862745 0.67450980 0.18431373
v -0.00162560 -0.22156900 -0.05788150 0.67843137 0.51372549 0.09411765
v -0.00162560 -0.22156900 -0.05788150 0.67843137 0.51372549 0.09411765
v -0.00162560 -0.22156900 -0.05788150 0.67843137 0.51372549 0.09411765
v -0.00162560 -0.22156900 -0.05788150 0.67843137 0.51372549 0.09411765
v 0.03675570 -0.22150200 -0.02268000 0.19215686 0.05098039 0.00000000
v 0.03675570 -0.22150200 -0.02268000 0.19215686 0.05098039 0.00000000
v 0.03675570 -0.22150200 -0.02268000 0.19215686 0.05098039 0.00000000
v 0.03675570 -0.22150200 -0.02268000 0.19215686 0.05098039 0.00000000
v 0.02528000 -0.29145400 0.05763140 0.70196078 0.46666667 0.12549020
v 0.02528000 -0.29145400 0.05763140 0.70196078 0.46666667 0.12549020
v 0.02528000 -0.29145400 0.05763140 0.70196078 0.46666667 0.12549020
v 0.02528000 -0.29145400 0.05763140 0.70196078 0.46666667 0.12549020
v -0.01189960 -0.29127000 0.01755620 0.25882353 0.15686275 0.03137255
v -0.01189960 -0.29127000 0.01755620 0.25882353 0.15686275 0.03137255
v -0.01189960 -0.29127000 0.01755620 0.25882353 0.15686275 0.03137255
v -0.01189960 -0.29127000 0.01755620 0.25882353 0.15686275 0.03137255
v -0.01189960 -0.29127000 0.01755620 0.25882353 0.15686275 0.03137255
v -0.01095490 -0.29126000 -0.01618060 0.06274510 0.00000000 0.00000000
v -0.01095490 -0.29126000 -0.01618060 0.06274510 0.00000000 0.00000000
v -0.01095490 -0.29126000 -0.01618060 0.06274510 0.00000000 0.00000000
v -0.01095490 -0.29126000 -0.01618060 0.06274510 0.00000000 0.00000000
v -0.01095490 -0.29126000 -0.01618060 0.06274510 0.00000000 0.00000000
v -0.04072250 -0.29172200 -0.05756150 0.63529412 0.33333333 0.09411765
v -0.04072250 -0.29172200 -0.05756150 0.63529412 0.33333333 0.09411765
v -0.04072250 -0.29172200 -0.05756150 0.63529412 0.33333333 0.09411765
v -0.04072250 -0.29172200 -0.05756150 0.63529412 0.33333333 0.09411765
v -0.00259723 -0.25719000 -0.05829000 0.80784314 0.72941176 0.29019608
v -0.00259723 -0.25719000 -0.05829000 0.80784314 0.72941176 0.29019608
v -0.00259723 -0.25719000 -0.05829000 0.80784314 0.72941176 0.29019608
v -0.00259723 -0.25719000 -0.05829000 0.80784314 0.72941176 0.29019608
v 0.03676730 -0.22168100 -0.05818800 0.73725490 0.56862745 0.17647059
v 0.03676730 -0.22168100 -0.05818800 0.73725490 0.56862745 0.17647059
v 0.03676730 -0.22168100 -0.05818800 0.73725490 0.56862745 0.17647059
v 0.03676730 -0.22168100 -0.05818800 0.73725490 0.56862745 0.17647059
v 0.07584990 -0.22341000 -0.02813350 0.70980392 0.57254902 0.12941176
v 0.07584990 -0.22341000 -0.02813350 0.70980392 0.57254902 0.12941176
v 0.07584990 -0.22341000 -0.02813350 0.70980392 0.57254902 0.12941176
v 0.07584990 -0.22341000 -0.02813350 0.70980392 0.57254902 0.12941176
v 0.07275060 -0.22150200 0.00823937 0.36078431 0.30588235 0.24313725
v 0.07275060 -0.22150200 0.00823937 0.36078431 0.30588235 0.24313725
v 0.07275060 -0.22150200 0.00823937 0.36078431 0.30588235 0.24313725
v 0.07275060 -0.22150200 0.00823937 0.36078431 0.30588235 0.24313725
v 0.07862510 -0.22171400 0.05824680 0.73725490 0.62745098 0.21568627
v 0.07862510 -0.22171400 0.05824680 0.73725490 0.62745098 0.21568627
v 0.07862510 -0.22171400 0.05824680 0.73725490 0.62745098 0.21568627
v 0.05456560 -0.26829900 0.05829000 0.73725490 0.62745098 0.21568627
v 0.05456560 -0.26829900 0.05829000 0.73725490 0.62745098 0.21568627
v 0.05456560 -0.26829900 0.05829000 0.73725490 0.62745098 0.21568627
v 0.05671910 -0.29146900 0.05811410 0.75686275 0.53725490 0.12941176
v 0.05671910 -0.29146900 0.05811410 0.75686275 0.53725490 0.12941176
v 0.05671910 -0.29146900 0.05811410 0.75686275 0.53725490 0.12941176
v 0.05671910 -0.29146900 0.05811410 0.75686275 0.53725490 0.12941176
v 0.01840840 -0.29129600 0.01793470 0.52549020 0.30196078 0.06274510
v 0.01840840 -0.29129600 0.01793470 0.52549020 0.30196078 0.06274510
v 0.01840840 -0.29129600 0.01793470 0.52549020 0.30196078 0.06274510
v 0.01840840 -0.29129600 0.01793470 0.52549020 0.30196078 0.06274510
v 0.01840840 -0.29129600 0.01793470 0.52549020 0.30196078 0.06274510
v -0.00549390 -0.29148300 -0.05736410 0.68235294 0.42352941 0.12156863
v -0.00549390 -0.29148300 -0.05736410 0.68235294 0.42352941 0.12156863
v -0.00549390 -0.29148300 -0.05736410 0.68235294 0.42352941 0.12156863
v -0.00549390 -0.29148300 -0.05736410 0.68235294 0.42352941 0.12156863
v -0.01274080 -0.32408600 0.01257120 0.31372549 0.19607843 0.05882353
v -0.01274080 -0.32408600 0.01257120 0.31372549 0.19607843 0.05882353
v -0.01274080 -0.32408600 0.01257120 0.31372549 0.19607843 0.05882353
v -0.01274080 -0.32408600 0.01257120 0.31372549 0.19607843 0.05882353
v -0.01266350 -0.32413000 -0.01288630 0.11764706 0.04705882 0.01960784
v -0.01266350 -0.32413000 -0.01288630 0.11764706 0.04705882 0.01960784
v -0.01266350 -0.32413000 -0.01288630 0.11764706 0.04705882 0.01960784
v -0.01266350 -0.32413000 -0.01288630 0.11764706 0.04705882 0.01960784
v 0.03678180 -0.25800000 -0.05829000 0.73725490 0.61568627 0.15686275
v 0.03678180 -0.25800000 -0.05829000 0.73725490 0.61568627 0.15686275
v 0.03678180 -0.25800000 -0.05829000 0.73725490 0.61568627 0.15686275
v 0.03678180 -0.25800000 -0.05829000 0.73725490 0.61568627 0.15686275
v 0.07894350 -0.22440100 -0.05899730 0.70980392 0.57254902 0.12941176
v 0.07894350 -0.22440100 -0.05899730 0.70980392 0.57254902 0.12941176
v 0.07548430 -0.22160800 0.03434860 0.73725490 0.62745098 0.21568627
v 0.07548430 -0.22160800 0.03434860 0.73725490 0.62745098 0.21568627
v 0.07548430 -0.22160800 0.03434860 0.73725490 0.62745098 0.21568627
v 0.07548430 -0.22160800 0.03434860 0.73725490 0.62745098 0.21568627
v 0.07950840 -0.25688800 0.05946740 0.41960784 0.25098039 0.01960784
v 0.07950840 -0.25688800 0.05946740 0.41960784 0.25098039 0.01960784
v 0.07950840 -0.25688800 0.05946740 0.41960784 0.25098039 0.01960784
v 0.07950840 -0.25688800 0.05946740 0.41960784 0.25098039 0.01960784
v 0.08461200 -0.29150800 0.06019420 0.41960784 0.25098039 0.01960784
v 0.08461200 -0.29150800 0.06019420 0.41960784 0.25098039 0.01960784
v 0.08461200 -0.29150800 0.06019420 0.41960784 0.25098039 0.01960784
v 0.06636060 -0.29145000 0.01931890 0.41960784 0.25098039 0.01960784
v 0.06636060 -0.29145000 0.01931890 0.41960784 0.25098039 0.01960784
v 0.06636060 -0.29145000 0.01931890 0.41960784 0.25098039 0.01960784
v 0.06636060 -0.29145000 0.01931890 0.41960784 0.25098039 0.01960784
v 0.06636060 -0.29145000 0.01931890 0.41960784 0.25098039 0.01960784
v 0.01245390 -0.32405900 0.01358820 0.19607843 0.10980392 0.03921569
v 0.01245390 -0.32405900 0.01358820 0.19607843 0.10980392 0.03921569
v 0.01245390 -0.32405900 0.01358820 0.19607843 0.10980392 0.03921569
v 0.01245390 -0.32405900 0.01358820 0.19607843 0.10980392 0.03921569
v 0.02354290 -0.29130700 -0.01656690 0.52549020 0.28627451 0.00000000
v 0.02354290 -0.29130700 -0.01656690 0.52549020 0.28627451 0.00000000
v 0.02354290 -0.29130700 -0.01656690 0.52549020 0.28627451 0.00000000
v 0.02354290 -0.29130700 -0.01656690 0.52549020 0.28627451 0.00000000
v 0.02354290 -0.29130700 -0.01656690 0.52549020 0.28627451 0.00000000
v 0.03355720 -0.29156000 -0.05770030 0.42352941 0.22745098 0.00000000
v 0.03355720 -0.29156000 -0.05770030 0.42352941 0.22745098 0.00000000
v 0.03355720 -0.29156000 -0.05770030 0.42352941 0.22745098 0.00000000
v 0.03355720 -0.29156000 -0.05770030 0.42352941 0.22745098 0.00000000
v -0.01247030 -0.35767200 -0.01317800 0.13333333 0.05098039 0.03137255
v -0.01247030 -0.35767200 -0.01317800 0.13333333 0.05098039 0.03137255
v -0.01247030 -0.35767200 -0.01317800 0.13333333 0.05098039 0.03137255
v -0.01247030 -0.35767200 -0.01317800 0.13333333 0.05098039 0.03137255
v -0.01251780 -0.35765900 0.01323660 0.21176471 0.11764706 0.06274510
v -0.01251780 -0.35765900 0.01323660 0.21176471 0.11764706 0.06274510
v -0.01251780 -0.35765900 0.01323660 0.21176471 0.11764706 0.06274510
v -0.01251780 -0.35765900 0.01323660 0.21176471 0.11764706 0.06274510
v 0.01369820 -0.32406600 -0.01236600 0.19607843 0.10980392 0.03921569
v 0.01369820 -0.32406600 -0.01236600 0.19607843 0.10980392 0.03921569
v 0.01369820 -0.32406600 -0.01236600 0.19607843 0.10980392 0.03921569
v 0.01369820 -0.32406600 -0.01236600 0.19607843 0.10980392 0.03921569
v 0.07940480 -0.26177700 -0.05910060 0.75686275 0.53725490 0.12941176
v 0.07940480 -0.26177700 -0.05910060 0.75686275 0.53725490 0.12941176
v 0.07940480 -0.26177700 -0.05910060 0.75686275 0.53725490 0.12941176
v 0.10747200 -0.22311700 -0.03195720 0.77647059 0.67058824 0.20000000
v 0.10747200 -0.22311700 -0.03195720 0.77647059 0.67058824 0.20000000
v 0.10747200 -0.22311700 -0.03195720 0.77647059 0.67058824 0.20000000
v 0.10417400 -0.22189000 0.01092850 0.77647059 0.67058824 0.20000000
v 0.10417400 -0.22189000 0.01092850 0.77647059 0.67058824 0.20000000
v 0.10417400 -0.22189000 0.01092850 0.77647059 0.67058824 0.20000000
v 0.10417400 -0.22189000 0.01092850 0.77647059 0.67058824 0.20000000
v 0.10417400 -0.22189000 0.01092850 0.77647059 0.67058824 0.20000000
v 0.10698200 -0.22211600 0.03558870 0.77647059 0.67058824 0.20000000
v 0.10698200 -0.22211600 0.03558870 0.77647059 0.67058824 0.20000000
v 0.10698200 -0.22211600 0.03558870 0.77647059 0.67058824 0.20000000
v 0.08125660 -0.25717800 0.03469050 0.41960784 0.25098039 0.01960784
v 0.08125660 -0.25717800 0.03469050 0.41960784 0.25098039 0.01960784
v 0.08125660 -0.25717800 0.03469050 0.41960784 0.25098039 0.01960784
v 0.08125660 -0.25717800 0.03469050 0.41960784 0.25098039 0.01960784
v 0.08176460 -0.29163100 0.03465000 0.41960784 0.25098039 0.01960784
v 0.08176460 -0.29163100 0.03465000 0.41960784 0.25098039 0.01960784
v 0.08176460 -0.29163100 0.03465000 0.41960784 0.25098039 0.01960784
v 0.08176460 -0.29163100 0.03465000 0.41960784 0.25098039 0.01960784
v 0.07065210 -0.29145000 -0.02481580 0.75686275 0.53725490 0.12941176
v 0.07065210 -0.29145000 -0.02481580 0.75686275 0.53725490 0.12941176
v 0.07065210 -0.29145000 -0.02481580 0.75686275 0.53725490 0.12941176
v 0.07065210 -0.29145000 -0.02481580 0.75686275 0.53725490 0.12941176
v 0.01233280 -0.35765800 0.01363220 0.21176471 0.11764706 0.06274510
v 0.01233280 -0.35765800 0.01363220 0.21176471 0.11764706 0.06274510
v 0.01233280 -0.35765800 0.01363220 0.21176471 0.11764706 0.06274510
v 0.01233280 -0.35765800 0.01363220 0.21176471 0.11764706 0.06274510
v 0.07872390 -0.29359800 -0.05974400 0.75686275 0.53725490 0.12941176
v 0.07872390 -0.29359800 -0.05974400 0.75686275 0.53725490 0.12941176
v 0.01271260 -0.35765600 -0.01295200 0.21176471 0.11764706 0.06274510
v 0.01271260 -0.35765600 -0.01295200 0.21176471 0.11764706 0.06274510
v 0.01271260 -0.35765600 -0.01295200 0.21176471 0.11764706 0.06274510
v 0.01271260 -0.35765600 -0.01295200 0.21176471 0.11764706 0.06274510
v -0.01267590 -0.39244800 -0.01280400 0.21176471 0.11764706 0.06274510
v -0.01267590 -0.39244800 -0.01280400 0.21176471 0.11764706 0.06274510
v -0.01267590 -0.39244800 -0.01280400 0.21176471 0.11764706 0.06274510
v -0.01267590 -0.39244800 -0.01280400 0.21176471 0.11764706 0.06274510
v -0.01189980 -0.39229300 0.01388990 0.12941176 0.05098039 0.03137255
v -0.01189980 -0.39229300 0.01388990 0.12941176 0.05098039 0.03137255
v -0.01189980 -0.39229300 0.01388990 0.12941176 0.05098039 0.03137255
v 0.08064100 -0.27105100 -0.03497400 0.75686275 0.53725490 0.12941176
v 0.10577700 -0.26271100 -0.03593350 0.70980392 0.54117647 0.23921569
v 0.10577700 -0.26271100 -0.03593350 0.70980392 0.54117647 0.23921569
v 0.10577700 -0.26271100 -0.03593350 0.70980392 0.54117647 0.23921569
v 0.10582300 -0.22250300 -0.01051440 0.66666667 0.55294118 0.27450980
v 0.10582300 -0.22250300 -0.01051440 0.66666667 0.55294118 0.27450980
v 0.10582300 -0.22250300 -0.01051440 0.66666667 0.55294118 0.27450980
v 0.10582300 -0.22250300 -0.01051440 0.66666667 0.55294118 0.27450980
v 0.10666500 -0.25742200 0.03601880 0.70980392 0.54117647 0.23921569
v 0.10666500 -0.25742200 0.03601880 0.70980392 0.54117647 0.23921569
v 0.10666500 -0.25742200 0.03601880 0.70980392 0.54117647 0.23921569
v 0.10666500 -0.25742200 0.03601880 0.70980392 0.54117647 0.23921569
v 0.10446500 -0.25754200 0.01135320 0.27450980 0.15294118 0.00392157
v 0.10446500 -0.25754200 0.01135320 0.27450980 0.15294118 0.00392157
v 0.10446500 -0.25754200 0.01135320 0.27450980 0.15294118 0.00392157
v 0.10446500 -0.25754200 0.01135320 0.27450980 0.15294118 0.00392157
v 0.10758300 -0.29183600 0.03563990 0.70980392 0.54117647 0.23921569
v 0.10758300 -0.29183600 0.03563990 0.70980392 0.54117647 0.23921569
v 0.10758300 -0.29183600 0.03563990 0.70980392 0.54117647 0.23921569
v 0.10425800 -0.29170900 0.01071130 0.27450980 0.15294118 0.00392157
v 0.10425800 -0.29170900 0.01071130 0.27450980 0.15294118 0.00392157
v 0.10425800 -0.29170900 0.01071130 0.27450980 0.15294118 0.00392157
v 0.10425800 -0.29170900 0.01071130 0.27450980 0.15294118 0.00392157
v 0.10425800 -0.29170900 0.01071130 0.27450980 0.15294118 0.00392157
v 0.01240890 -0.39209000 0.01346780 0.12941176 0.05098039 0.03137255
v 0.01240890 -0.39209000 0.01346780 0.12941176 0.05098039 0.03137255
v 0.01240890 -0.39209000 0.01346780 0.12941176 0.05098039 0.03137255
v 0.01240890 -0.39209000 0.01346780 0.12941176 0.05098039 0.03137255
v 0.01236830 -0.39223700 -0.01375800 0.12941176 0.05098039 0.03137255
v 0.01236830 -0.39223700 -0.01375800 0.12941176 0.05098039 0.03137255
v 0.01236830 -0.39223700 -0.01375800 0.12941176 0.05098039 0.03137255
v 0.01236830 -0.39223700 -0.01375800 0.12941176 0.05098039 0.03137255
v 0.10441800 -0.25919400 -0.01149380 0.66666667 0.52941176 0.12941176
v 0.10441800 -0.25919400 -0.01149380 0.66666667 0.52941176 0.12941176
v 0.10441800 -0.25919400 -0.01149380 0.66666667 0.52941176 0.12941176
v 0.10441800 -0.25919400 -0.01149380 0.66666667 0.52941176 0.12941176
v 0.13017200 -0.22256300 -0.01255740 0.66666667 0.55294118 0.27450980
v 0.13017200 -0.22256300 -0.01255740 0.66666667 0.55294118 0.27450980
v 0.13017200 -0.22256300 -0.01255740 0.66666667 0.55294118 0.27450980
v 0.13052700 -0.22177100 0.01512530 0.77647059 0.67058824 0.20000000
v 0.13052700 -0.22177100 0.01512530 0.77647059 0.67058824 0.20000000
v 0.13052700 -0.22177100 0.01512530 0.77647059 0.67058824 0.20000000
v 0.12935500 -0.25768900 0.01268510 0.27450980 0.15294118 0.00392157
v 0.12935500 -0.25768900 0.01268510 0.27450980 0.15294118 0.00392157
v 0.12935500 -0.25768900 0.01268510 0.27450980 0.15294118 0.00392157
v 0.12935500 -0.25768900 0.01268510 0.27450980 0.15294118 0.00392157
v 0.10537800 -0.29289600 -0.03053860 0.70980392 0.54117647 0.23921569
v 0.10537800 -0.29289600 -0.03053860 0.70980392 0.54117647 0.23921569
v 0.01277710 -0.42753800 -0.01139020 0.81960784 0.60000000 0.12941176
v 0.01277710 -0.42753800 -0.01139020 0.81960784 0.60000000 0.12941176
v 0.01277710 -0.42753800 -0.01139020 0.81960784 0.60000000 0.12941176
v 0.01277710 -0.42753800 -0.01139020 0.81960784 0.60000000 0.12941176
v -0.01291500 -0.42901300 -0.00449736 0.14117647 0.07058824 0.03529412
v -0.01291500 -0.42901300 -0.00449736 0.14117647 0.07058824 0.03529412
v -0.01291500 -0.42901300 -0.00449736 0.14117647 0.07058824 0.03529412
v -0.01291500 -0.42901300 -0.00449736 0.14117647 0.07058824 0.03529412
v -0.01291500 -0.42901300 -0.00449736 0.14117647 0.07058824 0.03529412
v -0.01291500 -0.42901300 -0.00449736 0.14117647 0.07058824 0.03529412
v 0.10481800 -0.29230200 -0.00991365 0.69019608 0.56862745 0.23529412
v 0.10481800 -0.29230200 -0.00991365 0.69019608 0.56862745 0.23529412
v 0.10481800 -0.29230200 -0.00991365 0.69019608 0.56862745 0.23529412
v 0.10481800 -0.29230200 -0.00991365 0.69019608 0.56862745 0.23529412
v 0.12983700 -0.25810700 -0.01273170 0.66666667 0.52941176 0.12941176
v 0.12983700 -0.25810700 -0.01273170 0.66666667 0.52941176 0.12941176
v 0.12983700 -0.25810700 -0.01273170 0.66666667 0.52941176 0.12941176
v 0.12983700 -0.25810700 -0.01273170 0.66666667 0.52941176 0.12941176
v 0.13136000 -0.29199200 0.01270480 0.27450980 0.15294118 0.00392157
v 0.13136000 -0.29199200 0.01270480 0.27450980 0.15294118 0.00392157
v 0.13136000 -0.29199200 0.01270480 0.27450980 0.15294118 0.00392157
v 0.01295670 -0.42739500 0.01194740 0.61176471 0.36078431 0.06274510
v 0.01295670 -0.42739500 0.01194740 0.61176471 0.36078431 0.06274510
v 0.01295670 -0.42739500 0.01194740 0.61176471 0.36078431 0.06274510
v 0.01295670 -0.42739500 0.01194740 0.61176471 0.36078431 0.06274510
v 0.01295670 -0.42739500 0.01194740 0.61176471 0.36078431 0.06274510
v -0.01252330 -0.42785500 -0.03669440 0.81960784 0.60000000 0.12941176
v -0.01252330 -0.42785500 -0.03669440 0.81960784 0.60000000 0.12941176
v -0.01252330 -0.42785500 -0.03669440 0.81960784 0.60000000 0.12941176
v 0.01497860 -0.42789000 -0.03548630 0.81960784 0.60000000 0.12941176
v 0.01497860 -0.42789000 -0.03548630 0.81960784 0.60000000 0.12941176
v 0.01497860 -0.42789000 -0.03548630 0.81960784 0.60000000 0.12941176
v 0.13141200 -0.29223100 -0.01216120 0.69019608 0.56862745 0.23529412
v 0.13141200 -0.29223100 -0.01216120 0.69019608 0.56862745 0.23529412
v 0.13141200 -0.29223100 -0.01216120 0.69019608 0.56862745 0.23529412
v -0.01155200 -0.45499500 -0.03514060 0.67843137 0.49019608 0.06274510
v -0.01155200 -0.45499500 -0.03514060 0.67843137 0.49019608 0.06274510
v -0.01155200 -0.45499500 -0.03514060 0.67843137 0.49019608 0.06274510
v -0.01155200 -0.45499500 -0.03514060 0.67843137 0.49019608 0.06274510
v -0.01155200 -0.45499500 -0.03514060 0.67843137 0.49019608 0.06274510
v -0.01056850 -0.45586500 0.00000010 0.87058824 0.70196078 0.20000000
v -0.01056850 -0.45586500 0.00000010 0.87058824 0.70196078 0.20000000
v -0.01056850 -0.45586500 0.00000010 0.87058824 0.70196078 0.20000000
v -0.01056850 -0.45586500 0.00000010 0.87058824 0.70196078 0.20000000
v 0.01153990 -0.45466900 -0.03447200 0.54509804 0.20392157 0.00000000
v 0.01153990 -0.45466900 -0.03447200 0.54509804 0.20392157 0.00000000
v 0.01153990 -0.45466900 -0.03447200 0.54509804 0.20392157 0.00000000
v 0.01153990 -0.45466900 -0.03447200 0.54509804 0.20392157 0.00000000
v 0.01153990 -0.45466900 -0.03447200 0.54509804 0.20392157 0.00000000
v -0.01561370 -0.43134600 0.03674020 0.87058824 0.70196078 0.20000000
v -0.01561370 -0.43134600 0.03674020 0.87058824 0.70196078 0.20000000
v -0.01561370 -0.43134600 0.03674020 0.87058824 0.70196078 0.20000000
v 0.01235960 -0.42740600 0.03728110 0.87058824 0.70196078 0.20000000
v 0.01235960 -0.42740600 0.03728110 0.87058824 0.70196078 0.20000000
v 0.01235960 -0.42740600 0.03728110 0.87058824 0.70196078 0.20000000
v 0.01065470 -0.45582000 0.00620437 0.60000000 0.30980392 0.03137255
v 0.01065470 -0.45582000 0.00620437 0.60000000 0.30980392 0.03137255
v 0.01065470 -0.45582000 0.00620437 0.60000000 0.30980392 0.03137255
v 0.01065470 -0.45582000 0.00620437 0.60000000 0.30980392 0.03137255
v -0.01110670 -0.45451800 0.03527710 0.60000000 0.35294118 0.03137255
v -0.01110670 -0.45451800 0.03527710 0.60000000 0.35294118 0.03137255
v -0.01110670 -0.45451800 0.03527710 0.60000000 0.35294118 0.03137255
v -0.01110670 -0.45451800 0.03527710 0.60000000 0.35294118 0.03137255
v -0.01110670 -0.45451800 0.03527710 0.60000000 0.35294118 0.03137255
v -0.03595910 -0.45341600 0.00023366 0.57254902 0.27450980 0.06274510
v -0.03595910 -0.45341600 0.00023366 0.57254902 0.27450980 0.06274510
v -0.03595910 -0.45341600 0.00023366 0.57254902 0.27450980 0.06274510
v -0.03595910 -0.45341600 0.00023366 0.57254902 0.27450980 0.06274510
v -0.03724580 -0.45155100 -0.03493180 0.67843137 0.49019608 0.06274510
v -0.03724580 -0.45155100 -0.03493180 0.67843137 0.49019608 0.06274510
v -0.03724580 -0.45155100 -0.03493180 0.67843137 0.49019608 0.06274510
v -0.01185590 -0.47745000 -0.03503930 0.67843137 0.49019608 0.06274510
v -0.01185590 -0.47745000 -0.03503930 0.67843137 0.49019608 0.06274510
v -0.01185590 -0.47745000 -0.03503930 0.67843137 0.49019608 0.06274510
v -0.01185590 -0.47745000 -0.03503930 0.67843137 0.49019608 0.06274510
v -0.01185590 -0.47745000 -0.03503930 0.67843137 0.49019608 0.06274510
v 0.01142410 -0.47794300 -0.03496930 0.54509804 0.20392157 0.00000000
v 0.01142410 -0.47794300 -0.03496930 0.54509804 0.20392157 0.00000000
v 0.01142410 -0.47794300 -0.03496930 0.54509804 0.20392157 0.00000000
v 0.01142410 -0.47794300 -0.03496930 0.54509804 0.20392157 0.00000000
v 0.01142410 -0.47794300 -0.03496930 0.54509804 0.20392157 0.00000000
v 0.01161150 -0.45424500 0.03605710 0.87058824 0.70196078 0.20000000
v 0.01161150 -0.45424500 0.03605710 0.87058824 0.70196078 0.20000000
v 0.01161150 -0.45424500 0.03605710 0.87058824 0.70196078 0.20000000
v 0.01161150 -0.45424500 0.03605710 0.87058824 0.70196078 0.20000000
v 0.01161150 -0.45424500 0.03605710 0.87058824 0.70196078 0.20000000
v -0.03559140 -0.45211900 0.03510970 0.60000000 0.35294118 0.03137255
v -0.03559140 -0.45211900 0.03510970 0.60000000 0.35294118 0.03137255
v -0.03559140 -0.45211900 0.03510970 0.60000000 0.35294118 0.03137255
v -0.03861920 -0.48037700 -0.03496400 0.67843137 0.49019608 0.06274510
v -0.03861920 -0.48037700 -0.03496400 0.67843137 0.49019608 0.06274510
v -0.03861920 -0.48037700 -0.03496400 0.67843137 0.49019608 0.06274510
v -0.03599570 -0.47964000 -0.00004580 0.57254902 0.27450980 0.06274510
v -0.03599570 -0.47964000 -0.00004580 0.57254902 0.27450980 0.06274510
v -0.03599570 -0.47964000 -0.00004580 0.57254902 0.27450980 0.06274510
v -0.03599570 -0.47964000 -0.00004580 0.57254902 0.27450980 0.06274510
v -0.01509890 -0.50129400 -0.03515100 0.67843137 0.49019608 0.06274510
v -0.01509890 -0.50129400 -0.03515100 0.67843137 0.49019608 0.06274510
v -0.01509890 -0.50129400 -0.03515100 0.67843137 0.49019608 0.06274510
v 0.01421780 -0.50189200 -0.03512910 0.54509804 0.20392157 0.00000000
v 0.01421780 -0.50189200 -0.03512910 0.54509804 0.20392157 0.00000000
v 0.01421780 -0.50189200 -0.03512910 0.54509804 0.20392157 0.00000000
v 0.03540060 -0.48033300 -0.03469090 0.73725490 0.56862745 0.12549020
v 0.03540060 -0.48033300 -0.03469090 0.73725490 0.56862745 0.12549020
v 0.03540060 -0.48033300 -0.03469090 0.73725490 0.56862745 0.12549020
v 0.03596780 -0.45224100 -0.03429640 0.73725490 0.56862745 0.12549020
v 0.03596780 -0.45224100 -0.03429640 0.73725490 0.56862745 0.12549020
v 0.03596780 -0.45224100 -0.03429640 0.73725490 0.56862745 0.12549020
v 0.03577620 -0.45362600 0.00188847 0.64313725 0.38431373 0.05098039
v 0.03577620 -0.45362600 0.00188847 0.64313725 0.38431373 0.05098039
v 0.03577620 -0.45362600 0.00188847 0.64313725 0.38431373 0.05098039
v 0.03577620 -0.45362600 0.00188847 0.64313725 0.38431373 0.05098039
v 0.03863000 -0.45204300 0.03525010 0.73725490 0.56862745 0.12549020
v 0.03863000 -0.45204300 0.03525010 0.73725490 0.56862745 0.12549020
v 0.03863000 -0.45204300 0.03525010 0.73725490 0.56862745 0.12549020
v -0.01141370 -0.47802300 0.03484380 0.60000000 0.35294118 0.03137255
v -0.01141370 -0.47802300 0.03484380 0.60000000 0.35294118 0.03137255
v -0.01141370 -0.47802300 0.03484380 0.60000000 0.35294118 0.03137255
v -0.01141370 -0.47802300 0.03484380 0.60000000 0.35294118 0.03137255
v -0.01141370 -0.47802300 0.03484380 0.60000000 0.35294118 0.03137255
v 0.01120900 -0.47795100 0.03493230 0.58039216 0.25882353 0.00000000
v 0.01120900 -0.47795100 0.03493230 0.58039216 0.25882353 0.00000000
v 0.01120900 -0.47795100 0.03493230 0.58039216 0.25882353 0.00000000
v 0.01120900 -0.47795100 0.03493230 0.58039216 0.25882353 0.00000000
v 0.01120900 -0.47795100 0.03493230 0.58039216 0.25882353 0.00000000
v -0.03572440 -0.48024600 0.03490300 0.60000000 0.35294118 0.03137255
v -0.03572440 -0.48024600 0.03490300 0.60000000 0.35294118 0.03137255
v -0.03572440 -0.48024600 0.03490300 0.60000000 0.35294118 0.03137255
v -0.01080660 -0.47673700 -0.00035939 0.60000000 0.30980392 0.03137255
v -0.01080660 -0.47673700 -0.00035939 0.60000000 0.30980392 0.03137255
v -0.01080660 -0.47673700 -0.00035939 0.60000000 0.30980392 0.03137255
v -0.01080660 -0.47673700 -0.00035939 0.60000000 0.30980392 0.03137255
v -0.01257600 -0.50303500 -0.00051069 0.47450980 0.15686275 0.00000000
v -0.01257600 -0.50303500 -0.00051069 0.47450980 0.15686275 0.00000000
v -0.01257600 -0.50303500 -0.00051069 0.47450980 0.15686275 0.00000000
v -0.01257600 -0.50303500 -0.00051069 0.47450980 0.15686275 0.00000000
v 0.01339530 -0.50218600 -0.00040938 0.54509804 0.20392157 0.00000000
v 0.01339530 -0.50218600 -0.00040938 0.54509804 0.20392157 0.00000000
v 0.01339530 -0.50218600 -0.00040938 0.54509804 0.20392157 0.00000000
v 0.01339530 -0.50218600 -0.00040938 0.54509804 0.20392157 0.00000000
v 0.01037070 -0.47704900 -0.00008736 0.64313725 0.38431373 0.05098039
v 0.01037070 -0.47704900 -0.00008736 0.64313725 0.38431373 0.05098039
v 0.01037070 -0.47704900 -0.00008736 0.64313725 0.38431373 0.05098039
v 0.01037070 -0.47704900 -0.00008736 0.64313725 0.38431373 0.05098039
v 0.03574560 -0.47927700 0.00059842 0.64313725 0.38431373 0.05098039
v 0.03574560 -0.47927700 0.00059842 0.64313725 0.38431373 0.05098039
v 0.03574560 -0.47927700 0.00059842 0.64313725 0.38431373 0.05098039
v 0.03574560 -0.47927700 0.00059842 0.64313725 0.38431373 0.05098039
v 0.03821890 -0.48030000 0.03506410 0.73725490 0.56862745 0.12549020
v 0.03821890 -0.48030000 0.03506410 0.73725490 0.56862745 0.12549020
v 0.03821890 -0.48030000 0.03506410 0.73725490 0.56862745 0.12549020
v 0.01394020 -0.50189700 0.03468250 0.58039216 0.25882353 0.00000000
v 0.01394020 -0.50189700 0.03468250 0.58039216 0.25882353 0.00000000
v 0.01394020 -0.50189700 0.03468250 0.58039216 0.25882353 0.00000000
v -0.01266510 -0.50403600 0.03470980 0.60000000 0.35294118 0.03137255
v -0.01266510 -0.50403600 0.03470980 0.60000000 0.35294118 0.03137255
v -0.01266510 -0.50403600 0.03470980 0.60000000 0.35294118 0.03137255
v -0.07623720 -0.25339800 -0.00625439 0.60784314 0.42352941 0.09803922
v -0.07623720 -0.25339800 -0.00625439 0.60784314 0.42352941 0.09803922
v -0.07623720 -0.25339800 -0.00625439 0.60784314 0.42352941 0.09803922
v -0.07623720 -0.25339800 -0.00625439 0.60784314 0.42352941 0.09803922
v -0.07623720 -0.25339800 -0.00625439 0.60784314 0.42352941 0.09803922
v -0.07623720 -0.25339800 -0.00625439 0.60784314 0.42352941 0.09803922
v -0.07623720 -0.25339800 -0.00625439 0.60784314 0.42352941 0.09803922
v -0.07623720 -0.25339800 -0.00625439 0.60784314 0.42352941 0.09803922
v -0.10578300 -0.25528400 -0.01215310 0.64705882 0.49411765 0.09411765
v -0.10578300 -0.25528400 -0.01215310 0.64705882 0.49411765 0.09411765
v -0.10566500 -0.25666500 0.01219610 0.61176471 0.30588235 0.06274510
v -0.10566500 -0.25666500 0.01219610 0.61176471 0.30588235 0.06274510
v -0.08010690 -0.25283600 -0.03538810 0.58823529 0.38039216 0.08627451
v -0.08010690 -0.25283600 -0.03538810 0.58823529 0.38039216 0.08627451
v -0.08010690 -0.25283600 -0.03538810 0.58823529 0.38039216 0.08627451
v -0.03659240 -0.24481800 -0.00174948 0.67843137 0.47450980 0.16078431
v -0.03659240 -0.24481800 -0.00174948 0.67843137 0.47450980 0.16078431
v -0.03659240 -0.24481800 -0.00174948 0.67843137 0.47450980 0.16078431
v -0.03659240 -0.24481800 -0.00174948 0.67843137 0.47450980 0.16078431
v -0.03625860 -0.24334800 -0.03514080 0.70980392 0.56078431 0.09411765
v -0.03625860 -0.24334800 -0.03514080 0.70980392 0.56078431 0.09411765
v -0.03625860 -0.24334800 -0.03514080 0.70980392 0.56078431 0.09411765
v -0.03625860 -0.24334800 -0.03514080 0.70980392 0.56078431 0.09411765
v -0.07748610 -0.26813400 -0.03645400 0.66666667 0.43137255 0.14901961
v -0.07748610 -0.26813400 -0.03645400 0.66666667 0.43137255 0.14901961
v -0.07748610 -0.26813400 -0.03645400 0.66666667 0.43137255 0.14901961
v -0.07862050 -0.24200500 0.03560160 0.68235294 0.46666667 0.10196078
v -0.07862050 -0.24200500 0.03560160 0.68235294 0.46666667 0.10196078
v -0.07862050 -0.24200500 0.03560160 0.68235294 0.46666667 0.10196078
v -0.03617440 -0.24395200 0.03480940 0.87450980 0.80392157 0.52941176
v -0.03617440 -0.24395200 0.03480940 0.87450980 0.80392157 0.52941176
v -0.03617440 -0.24395200 0.03480940 0.87450980 0.80392157 0.52941176
v -0.03617440 -0.24395200 0.03480940 0.87450980 0.80392157 0.52941176
v 0.00278561 -0.24481800 -0.00090854 0.39215686 0.12941176 0.03137255
v 0.00278561 -0.24481800 -0.00090854 0.39215686 0.12941176 0.03137255
v 0.00278561 -0.24481800 -0.00090854 0.39215686 0.12941176 0.03137255
v 0.00278561 -0.24481800 -0.00090854 0.39215686 0.12941176 0.03137255
v 0.00333557 -0.24396900 -0.03494790 0.82352941 0.67843137 0.23921569
v 0.00333557 -0.24396900 -0.03494790 0.82352941 0.67843137 0.23921569
v 0.00333557 -0.24396900 -0.03494790 0.82352941 0.67843137 0.23921569
v 0.00333557 -0.24396900 -0.03494790 0.82352941 0.67843137 0.23921569
v -0.03627070 -0.26910800 -0.03543500 0.76862745 0.67450980 0.18431373
v -0.03627070 -0.26910800 -0.03543500 0.76862745 0.67450980 0.18431373
v -0.03627070 -0.26910800 -0.03543500 0.76862745 0.67450980 0.18431373
v -0.03627070 -0.26910800 -0.03543500 0.76862745 0.67450980 0.18431373
v -0.03703940 -0.26813400 -0.00219206 0.45882353 0.25882353 0.03137255
v -0.03703940 -0.26813400 -0.00219206 0.45882353 0.25882353 0.03137255
v -0.03703940 -0.26813400 -0.00219206 0.45882353 0.25882353 0.03137255
v -0.03703940 -0.26813400 -0.00219206 0.45882353 0.25882353 0.03137255
v -0.07893620 -0.27101100 0.03433340 0.56470588 0.34117647 0.08627451
v -0.07893620 -0.27101100 0.03433340 0.56470588 0.34117647 0.08627451
v -0.07893620 -0.27101100 0.03433340 0.56470588 0.34117647 0.08627451
v -0.03621830 -0.26893400 0.03445330 0.60000000 0.34509804 0.06274510
v -0.03621830 -0.26893400 0.03445330 0.60000000 0.34509804 0.06274510
v -0.03621830 -0.26893400 0.03445330 0.60000000 0.34509804 0.06274510
v -0.03621830 -0.26893400 0.03445330 0.60000000 0.34509804 0.06274510
v 0.00346496 -0.24398200 0.03496960 0.82352941 0.67843137 0.23921569
v 0.00346496 -0.24398200 0.03496960 0.82352941 0.67843137 0.23921569
v 0.00346496 -0.24398200 0.03496960 0.82352941 0.67843137 0.23921569
v 0.00346496 -0.24398200 0.03496960 0.82352941 0.67843137 0.23921569
v 0.04074010 -0.24481800 -0.00213617 0.19215686 0.05098039 0.00000000
v 0.04074010 -0.24481800 -0.00213617 0.19215686 0.05098039 0.00000000
v 0.04074010 -0.24481800 -0.00213617 0.19215686 0.05098039 0.00000000
v 0.04074010 -0.24481800 -0.00213617 0.19215686 0.05098039 0.00000000
v 0.04134920 -0.24389000 -0.03517810 0.73725490 0.56862745 0.17647059
v 0.04134920 -0.24389000 -0.03517810 0.73725490 0.56862745 0.17647059
v 0.04134920 -0.24389000 -0.03517810 0.73725490 0.56862745 0.17647059
v 0.04134920 -0.24389000 -0.03517810 0.73725490 0.56862745 0.17647059
v 0.00339793 -0.26902900 -0.03514530 0.80784314 0.71372549 0.25882353
v 0.00339793 -0.26902900 -0.03514530 0.80784314 0.71372549 0.25882353
v 0.00339793 -0.26902900 -0.03514530 0.80784314 0.71372549 0.25882353
v 0.00339793 -0.26902900 -0.03514530 0.80784314 0.71372549 0.25882353
v 0.00270674 -0.26813400 -0.00144423 0.25882353 0.15686275 0.03137255
v 0.00270674 -0.26813400 -0.00144423 0.25882353 0.15686275 0.03137255
v 0.00270674 -0.26813400 -0.00144423 0.25882353 0.15686275 0.03137255
v 0.00270674 -0.26813400 -0.00144423 0.25882353 0.15686275 0.03137255
v 0.00348376 -0.26896400 0.03470970 0.80784314 0.71372549 0.25882353
v 0.00348376 -0.26896400 0.03470970 0.80784314 0.71372549 0.25882353
v 0.00348376 -0.26896400 0.03470970 0.80784314 0.71372549 0.25882353
v 0.00348376 -0.26896400 0.03470970 0.80784314 0.71372549 0.25882353
v 0.04156530 -0.24282800 0.03500000 0.73725490 0.56862745 0.17647059
v 0.04156530 -0.24282800 0.03500000 0.73725490 0.56862745 0.17647059
v 0.04156530 -0.24282800 0.03500000 0.73725490 0.56862745 0.17647059
v 0.04156530 -0.24282800 0.03500000 0.73725490 0.56862745 0.17647059
v 0.07698840 -0.24370700 -0.00800885 0.61176471 0.46274510 0.13725490
v 0.07698840 -0.24370700 -0.00800885 0.61176471 0.46274510 0.13725490
v 0.07698840 -0.24370700 -0.00800885 0.61176471 0.46274510 0.13725490
v 0.07698840 -0.24370700 -0.00800885 0.61176471 0.46274510 0.13725490
v 0.07698840 -0.24370700 -0.00800885 0.61176471 0.46274510 0.13725490
v 0.08060890 -0.24039500 -0.03557470 0.70980392 0.57254902 0.12941176
v 0.08060890 -0.24039500 -0.03557470 0.70980392 0.57254902 0.12941176
v 0.08060890 -0.24039500 -0.03557470 0.70980392 0.57254902 0.12941176
v 0.04143340 -0.26863500 -0.03563380 0.73725490 0.61568627 0.15686275
v 0.04143340 -0.26863500 -0.03563380 0.73725490 0.61568627 0.15686275
v 0.04143340 -0.26863500 -0.03563380 0.73725490 0.61568627 0.15686275
v 0.04143340 -0.26863500 -0.03563380 0.73725490 0.61568627 0.15686275
v 0.04076440 -0.26813400 -0.00337518 0.38823529 0.23529412 0.06274510
v 0.04076440 -0.26813400 -0.00337518 0.38823529 0.23529412 0.06274510
v 0.04076440 -0.26813400 -0.00337518 0.38823529 0.23529412 0.06274510
v 0.04076440 -0.26813400 -0.00337518 0.38823529 0.23529412 0.06274510
v 0.04192490 -0.26887600 0.03424370 0.68627451 0.49019608 0.09411765
v 0.04192490 -0.26887600 0.03424370 0.68627451 0.49019608 0.09411765
v 0.04192490 -0.26887600 0.03424370 0.68627451 0.49019608 0.09411765
v 0.04192490 -0.26887600 0.03424370 0.68627451 0.49019608 0.09411765
v 0.07926010 -0.24251200 0.03654200 0.73725490 0.62745098 0.21568627
v 0.07926010 -0.24251200 0.03654200 0.73725490 0.62745098 0.21568627
v 0.07926010 -0.24251200 0.03654200 0.73725490 0.62745098 0.21568627
v 0.08076530 -0.27025900 -0.03587540 0.75686275 0.53725490 0.12941176
v 0.08076530 -0.27025900 -0.03587540 0.75686275 0.53725490 0.12941176
v 0.08076530 -0.27025900 -0.03587540 0.75686275 0.53725490 0.12941176
v 0.07665600 -0.26849600 -0.01069430 0.41960784 0.25098039 0.01960784
v 0.07665600 -0.26849600 -0.01069430 0.41960784 0.25098039 0.01960784
v 0.07665600 -0.26849600 -0.01069430 0.41960784 0.25098039 0.01960784
v 0.07665600 -0.26849600 -0.01069430 0.41960784 0.25098039 0.01960784
v 0.08066120 -0.26187000 0.03393620 0.41960784 0.25098039 0.01960784
v 0.08066120 -0.26187000 0.03393620 0.41960784 0.25098039 0.01960784
v 0.08066120 -0.26187000 0.03393620 0.41960784 0.25098039 0.01960784
v 0.07865860 -0.26518300 0.01162090 0.77647059 0.67058824 0.20000000
v 0.07865860 -0.26518300 0.01162090 0.77647059 0.67058824 0.20000000
v 0.07865860 -0.26518300 0.01162090 0.77647059 0.67058824 0.20000000
v 0.07865860 -0.26518300 0.01162090 0.77647059 0.67058824 0.20000000
v 0.10565300 -0.26015500 -0.01257220 0.66666667 0.52941176 0.12941176
v 0.10565300 -0.26015500 -0.01257220 0.66666667 0.52941176 0.12941176
v 0.10565300 -0.26015500 -0.01257220 0.66666667 0.52941176 0.12941176
v 0.10566200 -0.25769200 0.01202330 0.27450980 0.15294118 0.00392157
v 0.10566200 -0.25769200 0.01202330 0.27450980 0.15294118 0.00392157
v 0.08049190 -0.26630900 -0.03329880 0.75686275 0.53725490 0.12941176
f 14 17 10
f 10 6 14
f 13 24 31
f 31 19 13
f 18 35 22
f 22 12 18
f 16 9 36
f 36 39 16
f 5 21 33
f 33 44 5
f 15 41 47
f 47 25 15
f 26 51 56
f 56 30 26
f 20 29 62
f 62 32 20
f 1 64 68
f 68 38 1
f 40 37 70
f 70 73 40
f 34 61 76
f 76 45 34
f 3 46 80
f 80 85 3
f 42 71 89
f 89 49 42
f 48 94 53
f 53 27 48
f 52 97 100
f 100 58 52
f 28 57 103
f 103 59 28
f 8 108 111
f 111 66 8
f 118 121 67
f 67 65 118
f 123 124 72
f 72 69 123
f 60 106 128
f 128 75 60
f 43 77 135
f 135 79 43
f 82 138 143
f 143 86 82
f 126 144 87
f 87 74 126
f 50 88 149
f 149 93 50
f 91 154 95
f 95 54 91
f 98 159 160
f 160 99 98
f 105 55 102
f 102 167 105
f 2 168 175
f 175 107 2
f 112 109 178
f 178 181 112
f 115 63 113
f 113 184 115
f 119 192 194
f 194 120 119
f 196 125 122
f 122 195 196
f 104 166 203
f 203 130 104
f 78 131 206
f 206 134 78
f 81 133 209
f 209 139 81
f 137 215 218
f 218 142 137
f 83 141 221
f 221 169 83
f 197 227 146
f 146 127 197
f 90 147 230
f 230 151 90
f 92 150 235
f 235 153 92
f 152 238 158
f 158 96 152
f 157 241 244
f 244 163 157
f 101 162 249
f 249 165 101
f 222 253 174
f 174 170 222
f 110 172 257
f 257 177 110
f 180 179 260
f 260 264 180
f 187 114 182
f 182 270 187
f 274 117 186
f 186 278 274
f 273 285 188
f 188 116 273
f 287 199 193
f 193 189 287
f 164 251 290
f 290 202 164
f 129 201 294
f 294 204 129
f 132 205 301
f 301 211 132
f 136 210 304
f 304 214 136
f 308 312 217
f 217 213 308
f 272 220 140
f 140 216 272
f 288 316 225
f 225 198 288
f 226 319 231
f 231 145 226
f 148 228 322
f 322 234 148
f 155 233 326
f 326 237 155
f 156 236 330
f 330 243 156
f 240 333 338
f 338 246 240
f 161 247 341
f 341 250 161
f 275 277 255
f 255 223 275
f 254 345 256
f 256 173 254
f 350 261 176
f 176 258 350
f 267 263 353
f 353 358 267
f 183 266 363
f 363 269 183
f 185 271 366
f 366 280 185
f 276 219 310
f 310 284 276
f 190 281 369
f 369 373 190
f 286 191 372
f 372 378 286
f 248 342 379
f 379 291 248
f 200 293 386
f 386 296 200
f 295 387 299
f 299 207 295
f 208 300 392
f 392 305 208
f 306 212 302
f 302 398 306
f 309 400 283
f 283 311 309
f 289 377 405
f 405 314 289
f 315 410 317
f 317 224 315
f 411 323 229
f 229 320 411
f 232 321 418
f 418 328 232
f 327 421 332
f 332 239 327
f 242 329 425
f 425 334 242
f 335 430 433
f 433 337 335
f 245 340 438
f 438 344 245
f 279 365 347
f 347 252 279
f 349 259 346
f 346 440 349
f 352 443 354
f 354 262 352
f 360 355 450
f 450 454 360
f 265 359 455
f 455 364 265
f 367 268 362
f 362 462 367
f 371 282 402
f 402 464 371
f 374 370 465
f 465 376 374
f 343 437 470
f 470 381 343
f 292 380 473
f 473 383 292
f 297 384 475
f 475 390 297
f 298 389 480
f 480 391 298
f 397 303 394
f 394 486 397
f 307 395 489
f 489 399 307
f 463 492 404
f 404 375 463
f 313 406 495
f 495 407 313
f 408 501 413
f 413 318 408
f 414 503 415
f 415 324 414
f 325 416 510
f 510 419 325
f 420 513 424
f 424 331 420
f 336 426 515
f 515 427 336
f 428 522 523
f 523 431 428
f 339 432 528
f 528 435 339
f 368 459 442
f 442 348 368
f 351 439 534
f 534 446 351
f 445 536 448
f 448 356 445
f 453 449 539
f 539 545 453
f 357 452 549
f 549 457 357
f 461 361 458
f 458 551 461
f 466 401 488
f 488 491 466
f 436 530 558
f 558 467 436
f 382 468 559
f 559 471 382
f 477 385 472
f 472 566 477
f 388 478 569
f 569 479 388
f 393 481 573
f 573 483 393
f 396 484 576
f 576 490 396
f 493 579 496
f 496 403 493
f 409 497 586
f 586 502 409
f 499 587 505
f 505 412 499
f 417 506 591
f 591 509 417
f 422 507 595
f 595 511 422
f 518 423 514
f 514 600 518
f 516 603 520
f 520 429 516
f 519 610 613
f 613 526 519
f 434 525 616
f 616 527 434
f 441 460 554
f 554 532 441
f 531 619 538
f 538 444 531
f 537 626 540
f 540 447 537
f 629 634 544
f 544 541 629
f 451 543 635
f 635 550 451
f 642 552 456
f 456 547 642
f 494 487 578
f 578 580 494
f 529 615 643
f 643 557 529
f 469 556 650
f 650 562 469
f 564 474 560
f 560 652 564
f 476 565 658
f 658 568 476
f 482 570 662
f 662 571 482
f 577 485 574
f 574 664 577
f 582 667 583
f 583 498 582
f 500 585 672
f 672 588 500
f 590 675 593
f 593 504 590
f 682 597 508
f 508 594 682
f 512 596 683
f 683 602 512
f 517 601 688
f 688 605 517
f 521 606 691
f 691 608 521
f 607 698 702
f 702 612 607
f 524 614 705
f 705 617 524
f 640 622 533
f 533 553 640
f 621 707 625
f 625 535 621
f 627 542 624
f 624 712 627
f 630 717 720
f 720 632 630
f 723 637 546
f 546 631 723
f 641 548 638
f 638 728 641
f 581 575 665
f 665 670 581
f 618 706 733
f 733 644 618
f 555 645 737
f 737 647 555
f 654 561 648
f 648 740 654
f 563 651 743
f 743 655 563
f 567 657 750
f 750 661 567
f 663 572 660
f 660 753 663
f 669 755 671
f 671 584 669
f 589 673 761
f 761 676 589
f 677 764 680
f 680 592 677
f 679 767 685
f 685 598 679
f 599 686 774
f 774 689 599
f 692 604 690
f 690 777 692
f 693 780 695
f 695 609 693
f 696 783 790
f 790 701 696
f 611 699 793
f 793 704 611
f 639 727 709
f 709 620 639
f 708 796 711
f 711 623 708
f 628 714 799
f 799 718 628
f 715 806 809
f 809 722 715
f 724 633 721
f 721 812 724
f 725 815 730
f 730 636 725
f 668 666 754
f 754 757 668
f 703 794 821
f 821 731 703
f 646 734 826
f 826 738 646
f 742 649 736
f 736 827 742
f 653 739 834
f 834 745 653
f 836 747 656
f 656 744 836
f 752 659 748
f 748 842 752
f 674 758 845
f 845 760 674
f 678 759 849
f 849 766 678
f 763 852 768
f 768 681 763
f 769 857 771
f 771 684 769
f 687 773 860
f 860 778 687
f 694 776 863
f 863 781 694
f 697 779 868
f 868 785 697
f 786 871 878
f 878 789 786
f 700 787 881
f 881 791 700
f 816 798 710
f 710 729 816
f 795 885 801
f 801 713 795
f 716 802 889
f 889 803 716
f 891 895 807
f 807 804 891
f 811 719 810
f 810 902 811
f 726 814 905
f 905 817 726
f 756 751 841
f 841 846 756
f 792 882 910
f 910 822 792
f 732 819 913
f 913 824 732
f 828 735 823
f 823 918 828
f 741 829 919
f 919 833 741
f 835 746 832
f 832 926 835
f 840 749 838
f 838 927 840
f 843 933 847
f 847 762 843
f 765 850 936
f 936 853 765
f 854 939 855
f 855 770 854
f 772 856 945
f 945 861 772
f 775 862 948
f 948 866 775
f 867 782 865
f 865 954 867
f 870 957 873
f 873 784 870
f 872 960 965
f 965 875 872
f 788 876 970
f 970 880 788
f 818 906 883
f 883 797 818
f 888 800 884
f 884 973 888
f 887 976 894
f 894 805 887
f 893 979 986
f 986 897 893
f 900 808 898
f 898 987 900
f 813 899 994
f 994 904 813
f 844 839 929
f 929 932 844
f 879 969 996
f 996 909 879
f 820 907 999
f 999 912 820
f 914 1006 915
f 915 825 914
f 830 916 1009
f 1009 922 830
f 1012 923 831
f 831 921 1012
f 837 924 1015
f 1015 930 837
f 931 1022 938
f 938 848 931
f 851 935 1025
f 1025 940 851
f 941 1028 946
f 946 858 941
f 1031 949 859
f 859 943 1031
f 864 950 1038
f 1038 953 864
f 869 952 1041
f 1041 958 869
f 955 1044 962
f 962 874 955
f 959 1047 1054
f 1054 964 959
f 877 963 1057
f 1057 968 877
f 903 993 974
f 974 886 903
f 890 971 1060
f 1060 978 890
f 977 1063 982
f 982 892 977
f 1070 1073 984
f 984 981 1070
f 989 896 983
f 983 1076 989
f 901 988 1081
f 1081 992 901
f 934 928 1018
f 1018 1021 934
f 967 1055 1084
f 1084 995 967
f 908 997 1088
f 1088 1002 908
f 911 1001 1095
f 1095 1003 911
f 917 1005 1096
f 1096 1008 917
f 1011 920 1010
f 1010 1100 1011
f 1016 925 1014
f 1014 1105 1016
f 1020 1109 1026
f 1026 937 1020
f 942 1023 1113
f 1113 1027 942
f 1030 1116 1032
f 1032 944 1030
f 1034 1122 1037
f 1037 947 1034
f 951 1035 1126
f 1126 1039 951
f 956 1040 1130
f 1130 1043 956
f 961 1046 1133
f 1133 1048 961
f 1050 1138 1142
f 1142 1051 1050
f 966 1052 1145
f 1145 1056 966
f 972 991 1082
f 1082 1061 972
f 975 1062 1151
f 1151 1066 975
f 1069 980 1065
f 1065 1154 1069
f 1068 1159 1162
f 1162 1071 1068
f 1078 985 1074
f 1074 1168 1078
f 990 1075 1170
f 1170 1080 990
f 1019 1017 1107
f 1107 1110 1019
f 1058 1146 1177
f 1177 1085 1058
f 998 1086 1178
f 1178 1089 998
f 1090 1183 1092
f 1092 1000 1090
f 1098 1004 1093
f 1093 1186 1098
f 1189 1101 1007
f 1007 1097 1189
f 1013 1102 1196
f 1196 1104 1013
f 1111 1199 1114
f 1114 1024 1111
f 1029 1112 1203
f 1203 1118 1029
f 1117 1205 1123
f 1123 1033 1117
f 1036 1121 1210
f 1210 1124 1036
f 1042 1125 1215
f 1215 1129 1042
f 1045 1128 1216
f 1216 1132 1045
f 1049 1135 1221
f 1221 1139 1049
f 1136 1224 1233
f 1233 1143 1136
f 1144 1235 1148
f 1148 1053 1144
f 1059 1079 1172
f 1172 1149 1059
f 1150 1242 1156
f 1156 1064 1150
f 1067 1153 1244
f 1244 1158 1067
f 1249 1164 1157
f 1157 1252 1249
f 1167 1072 1163
f 1163 1259 1167
f 1077 1165 1260
f 1260 1169 1077
f 1108 1106 1195
f 1195 1198 1108
f 1176 1147 1238
f 1238 1267 1176
f 1083 1175 1269
f 1269 1274 1083
f 1091 1180 1278
f 1278 1182 1091
f 1094 1184 1281
f 1281 1187 1094
f 1190 1099 1185
f 1185 1287 1190
f 1194 1103 1192
f 1192 1288 1194
f 1200 1293 1204
f 1204 1115 1200
f 1119 1201 1299
f 1299 1208 1119
f 1207 1300 1211
f 1211 1120 1207
f 1131 1213 1304
f 1304 1218 1131
f 1220 1134 1219
f 1219 1311 1220
f 1137 1223 1314
f 1314 1228 1137
f 1229 1227 1319
f 1319 1322 1229
f 1140 1232 1324
f 1324 1328 1140
f 1141 1327 1330
f 1330 1236 1141
f 1261 1239 1152
f 1152 1171 1261
f 1245 1155 1240
f 1240 1335 1245
f 1246 1338 1253
f 1253 1160 1246
f 1250 1340 1257
f 1257 1161 1250
f 1247 1255 1343
f 1343 1348 1247
f 1166 1256 1353
f 1353 1263 1166
f 1197 1193 1291
f 1291 1294 1197
f 1237 1357 1360
f 1360 1266 1237
f 1268 1366 1368
f 1368 1173 1268
f 1174 1370 1373
f 1373 1272 1174
f 1181 1279 1375
f 1375 1280 1181
f 1284 1188 1282
f 1282 1380 1284
f 1191 1285 1381
f 1381 1289 1191
f 1202 1292 1388
f 1388 1298 1202
f 1206 1297 1392
f 1392 1301 1206
f 1395 1397 1305
f 1305 1212 1395
f 1217 1307 1401
f 1401 1310 1217
f 1222 1309 1408
f 1408 1312 1222
f 1225 1313 1409
f 1409 1411 1225
f 1415 1315 1226
f 1226 1412 1415
f 1418 1425 1320
f 1320 1318 1418
f 1231 1321 1423
f 1423 1356 1231
f 1325 1230 1355
f 1355 1426 1325
f 1326 1323 1428
f 1428 1331 1326
f 1234 1329 1427
f 1427 1359 1234
f 1262 1351 1333
f 1333 1241 1262
f 1243 1332 1432
f 1432 1336 1243
f 1254 1339 1436
f 1436 1346 1254
f 1248 1429 1440
f 1440 1341 1248
f 1258 1342 1439
f 1439 1352 1258
f 1349 1345 1443
f 1443 1446 1349
f 1251 1347 1447
f 1447 1431 1251
f 1295 1290 1382
f 1382 1387 1295
f 1420 1361 1358
f 1358 1424 1420
f 1362 1451 1455
f 1455 1264 1362
f 1265 1458 1461
f 1461 1365 1265
f 1364 1460 1466
f 1466 1369 1364
f 1270 1371 1463
f 1463 1277 1270
f 1468 1378 1283
f 1283 1377 1468
f 1472 1384 1286
f 1286 1379 1472
f 1385 1475 1390
f 1390 1296 1385
f 1394 1302 1389
f 1389 1478 1394
f 1393 1479 1484
f 1484 1400 1393
f 1487 1402 1306
f 1306 1398 1487
f 1308 1405 1490
f 1490 1407 1308
f 1406 1491 1497
f 1497 1410 1406
f 1499 1317 1416
f 1416 1503 1499
f 1414 1413 1496
f 1496 1509 1414
f 1419 1316 1500
f 1500 1511 1419
f 1334 1354 1438
f 1438 1433 1334
f 1337 1430 1450
f 1450 1435 1337
f 1515 1441 1344
f 1344 1437 1515
f 1513 1518 1445
f 1445 1442 1513
f 1350 1444 1517
f 1517 1448 1350
f 1470 1477 1386
f 1386 1383 1470
f 1422 1519 1454
f 1454 1363 1422
f 1452 1526 1530
f 1530 1457 1452
f 1462 1456 1527
f 1527 1533 1462
f 1459 1531 1537
f 1537 1464 1459
f 1471 1374 1538
f 1538 1543 1471
f 1391 1476 1547
f 1547 1480 1391
f 1548 1553 1482
f 1482 1481 1548
f 1488 1399 1483
f 1483 1554 1488
f 1489 1558 1560
f 1560 1404 1489
f 1561 1564 1493
f 1493 1403 1561
f 1492 1563 1567
f 1567 1495 1492
f 1417 1507 1571
f 1571 1505 1417
f 1577 1512 1498
f 1498 1501 1577
f 1506 1494 1566
f 1566 1579 1506
f 1576 1522 1421
f 1421 1510 1576
f 1514 1434 1449
f 1449 1516 1514
f 1453 1521 1586
f 1586 1525 1453
f 1590 1529 1524
f 1524 1597 1590
f 1591 1599 1532
f 1532 1528 1591
f 1540 1536 1534
f 1534 1600 1540
f 1593 1542 1541
f 1541 1598 1593
f 1549 1473 1544
f 1544 1552 1549
f 1551 1605 1608
f 1608 1486 1551
f 1557 1569 1562
f 1562 1559 1557
f 1613 1504 1570
f 1570 1617 1613
f 1574 1502 1612
f 1612 1619 1574
f 1623 1628 1583
f 1583 1568 1623
f 1520 1578 1630
f 1630 1588 1520
f 1523 1585 1636
f 1636 1596 1523
f 1642 1603 1592
f 1592 1595 1642
f 1550 1545 1589
f 1589 1602 1550
f 1606 1604 1647
f 1647 1649 1606
f 1556 1610 1622
f 1622 1565 1556
f 1654 1658 1615
f 1615 1572 1654
f 1611 1614 1663
f 1663 1620 1611
f 1575 1621 1660
f 1660 1632 1575
f 1644 1666 1629
f 1629 1624 1644
f 1638 1581 1627
f 1627 1665 1638
f 1674 1635 1587
f 1587 1633 1674
f 1634 1664 1640
f 1640 1594 1634
f 1675 1646 1601
f 1601 1641 1675
f 1609 1650 1645
f 1645 1625 1609
f 1670 1679 1655
f 1655 1651 1670
f 1681 1683 1618
f 1618 1657 1681
f 1684 1680 1659
f 1659 1616 1684
f 1671 1631 1661
f 1661 1678 1671
f 1648 1676 1643
f 1643 1626 1648
f 1686 1672 1580
f 1580 1639 1686
f 1669 1653 1668
f 1668 1584 1669
f 1656 1677 1662
f 1662 1682 1656
f 1688 1695 1703
f 1703 1691 1688
f 1708 1712 1702
f 1702 1698 1708
f 1699 1715 1718
f 1718 1693 1699
f 1724 1705 1692
f 1692 1719 1724
f 1730 1734 1711
f 1711 1709 1730
f 1740 1700 1713
f 1713 1735 1740
f 1707 1696 1746
f 1746 1750 1707
f 1738 1751 1716
f 1716 1701 1738
f 1756 1761 1721
f 1721 1714 1756
f 1723 1720 1762
f 1762 1764 1723
f 1697 1729 1767
f 1767 1745 1697
f 1739 1736 1731
f 1731 1770 1739
f 1733 1710 1749
f 1749 1774 1733
f 1779 1773 1748
f 1748 1744 1779
f 1784 1785 1754
f 1754 1741 1784
f 1753 1792 1758
f 1758 1717 1753
f 1757 1793 1800
f 1800 1759 1757
f 1760 1797 1802
f 1802 1763 1760
f 1726 1765 1808
f 1808 1812 1726
f 1728 1725 1810
f 1810 1769 1728
f 1768 1811 1816
f 1816 1743 1768
f 1771 1732 1775
f 1775 1780 1771
f 1737 1772 1776
f 1776 1819 1737
f 1781 1747 1815
f 1815 1824 1781
f 1826 1788 1783
f 1783 1832 1826
f 1787 1836 1789
f 1789 1752 1787
f 1830 1782 1742
f 1742 1818 1830
f 1790 1839 1794
f 1794 1755 1790
f 1795 1842 1848
f 1848 1798 1795
f 1803 1799 1845
f 1845 1851 1803
f 1856 1806 1766
f 1766 1804 1856
f 1814 1809 1807
f 1807 1859 1814
f 1863 1864 1817
f 1817 1777 1863
f 1822 1813 1858
f 1858 1870 1822
f 1861 1778 1823
f 1823 1873 1861
f 1786 1829 1878
f 1878 1834 1786
f 1820 1865 1825
f 1825 1831 1820
f 1835 1881 1837
f 1837 1791 1835
f 1885 1844 1796
f 1796 1838 1885
f 1855 1801 1852
f 1852 1888 1855
f 1857 1805 1853
f 1853 1893 1857
f 1862 1871 1828
f 1828 1866 1862
f 1897 1868 1860
f 1860 1895 1897
f 1872 1821 1869
f 1869 1902 1872
f 1874 1904 1877
f 1877 1827 1874
f 1833 1875 1907
f 1907 1882 1833
f 1879 1912 1883
f 1883 1840 1879
f 1886 1915 1920
f 1920 1843 1886
f 1889 1850 1924
f 1924 1927 1889
f 1931 1892 1854
f 1854 1887 1931
f 1900 1937 1903
f 1903 1867 1900
f 1943 1944 1899
f 1899 1894 1943
f 1938 1906 1876
f 1876 1901 1938
f 1880 1908 1948
f 1948 1911 1880
f 1910 1952 1914
f 1914 1884 1910
f 1958 1963 1929
f 1929 1925 1958
f 1933 1890 1928
f 1928 1966 1933
f 1941 1891 1932
f 1932 1970 1941
f 1896 1975 1981
f 1981 1939 1896
f 1984 1945 1942
f 1942 1987 1984
f 1946 1992 1976
f 1976 1898 1946
f 1936 1982 1951
f 1951 1905 1936
f 1909 1950 1997
f 1997 1953 1909
f 2007 1954 1919
f 1919 2004 2007
f 2010 1959 1921
f 1921 1956 2010
f 2011 2013 1962
f 1962 1960 2011
f 2016 1969 1930
f 1930 1964 2016
f 1978 1935 1968
f 1968 2020 1978
f 1973 1934 1977
f 1977 1993 1973
f 1988 1940 1971
f 1971 2022 1988
f 1974 2019 2025
f 2025 1979 1974
f 1985 2028 1994
f 1994 1947 1985
f 2031 1986 1989
f 1989 2037 2031
f 1980 2026 1995
f 1995 1949 1980
f 1998 1916 2038
f 2038 2041 1998
f 2009 1955 2008
f 2008 2046 2009
f 2051 2047 2006
f 2006 2003 2051
f 2012 2048 2054
f 2054 2015 2012
f 2061 1965 2014
f 2014 2055 2061
f 2021 1972 1991
f 1991 2030 2021
f 2036 1990 2024
f 2024 2062 2036
f 2034 2068 2027
f 2027 1983 2034
f 2042 2000 2039
f 2039 2070 2042
f 2045 2076 2077
f 2077 2001 2045
f 2050 2058 2056
f 2056 2049 2050
f 2053 2005 2079
f 2079 2081 2053
f 2065 2023 2029
f 2029 2067 2065
f 2088 2066 2033
f 2033 2095 2088
f 2096 2073 2040
f 2040 2085 2096
f 2043 2072 2103
f 2103 2075 2043
f 2080 2078 2074
f 2074 2101 2080
f 2052 2082 2105
f 2105 2059 2052
f 2086 2107 2064
f 2064 2069 2086
f 2087 2090 2113
f 2113 2117 2087
f 2097 2119 2102
f 2102 2071 2097
f 2083 2100 2120
f 2120 2104 2083
f 2099 2057 2106
f 2106 2118 2099
f 2122 2112 2093
f 2093 2127 2122
f 2121 2133 2115
f 2115 2114 2121
f 2137 2094 2111
f 2111 2138 2137
f 2136 2149 2129
f 2129 2091 2136
f 2150 2156 2123
f 2123 2128 2150
f 2158 2163 2132
f 2132 2125 2158
f 2109 2142 2171
f 2171 2139 2109
f 2135 2140 2170
f 2170 2146 2135
f 2153 2126 2148
f 2148 2172 2153
f 2177 2154 2151
f 2151 2178 2177
f 2159 2124 2155
f 2155 2175 2159
f 2183 2187 2162
f 2162 2160 2183
f 2164 2188 2193
f 2193 2130 2164
f 2195 2199 2168
f 2168 2143 2195
f 2204 2145 2167
f 2167 2210 2204
f 2196 2141 2131
f 2131 2192 2196
f 2201 2213 2174
f 2174 2147 2201
f 2152 2173 2211
f 2211 2180 2152
f 2157 2176 2179
f 2179 2215 2157
f 2182 2218 2224
f 2224 2186 2182
f 2165 2185 2225
f 2225 2226 2165
f 2184 2161 2216
f 2216 2219 2184
f 2166 2229 2232
f 2232 2189 2166
f 2194 2191 2190
f 2190 2233 2194
f 2197 2231 2236
f 2236 2198 2197
f 2209 2169 2200
f 2200 2234 2209
f 2205 2208 2237
f 2237 2242 2205
f 2214 2181 2212
f 2212 2203 2214
f 2221 2240 2238
f 2238 2222 2221
f 2223 2239 2207
f 2207 2227 2223
f 2217 2202 2241
f 2241 2220 2217
f 2228 2206 2235
f 2235 2230 2228
f 2244 2261 2264
f 2264 2256 2244
f 2247 2269 2274
f 2274 2258 2247
f 2259 2276 2283
f 2283 2265 2259
f 2255 2263 2286
f 2286 2268 2255
f 2245 2267 2285
f 2285 2291 2245
f 2292 2297 2273
f 2273 2271 2292
f 2260 2272 2299
f 2299 2277 2260
f 2282 2279 2303
f 2303 2308 2282
f 2262 2281 2311
f 2311 2284 2262
f 2287 2313 2318
f 2318 2288 2287
f 2249 2290 2296
f 2296 2293 2249
f 2295 2322 2302
f 2302 2275 2295
f 2305 2278 2301
f 2301 2324 2305
f 2304 2331 2333
f 2333 2309 2304
f 2280 2307 2335
f 2335 2314 2280
f 2316 2312 2338
f 2338 2342 2316
f 2289 2317 2321
f 2321 2298 2289
f 2326 2300 2320
f 2320 2344 2326
f 2306 2323 2347
f 2347 2329 2306
f 2351 2337 2310
f 2310 2334 2351
f 2350 2354 2339
f 2339 2336 2350
f 2315 2340 2345
f 2345 2319 2315
f 2325 2346 2359
f 2359 2349 2325
f 2361 2328 2348
f 2348 2358 2361
f 2362 2367 2364
f 2364 2330 2362
f 2356 2366 2368
f 2368 2360 2356
f 2017 2369 1996
f 1996 2369 2017
f 7 11 23
f 4 84 171
f 1087 1273 1271
f 1087 1271 1275
f 1087 1275 1179
f 1127 1209 1303
f 1127 1303 1396
f 1127 1396 1214
f 1367 1467 1372
f 1276 1465 1535
f 1276 1535 1539
f 1276 1539 1376
f 1469 1546 1474
f 1485 1607 1555
f 1508 1582 1667
f 1508 1667 1652
f 1508 1652 1573
f 1637 1673 1685
f 1687 1690 1704
f 1689 1706 1722
f 1689 1722 1727
f 1689 1727 1694
f 1841 1917 1957
f 1841 1957 1923
f 1841 1923 1847
f 1846 1922 1961
f 1846 1961 1926
f 1846 1926 1849
f 1913 1999 2044
f 1913 2044 2002
f 1913 2002 1918
f 1967 2060 2098
f 1967 2098 2084
f 1967 2084 2018
f 2032 2035 2063
f 2032 2063 2108
f 2032 2108 2092
f 2089 2116 2134
f 2089 2134 2144
f 2089 2144 2110
f 2248 2252 2253
f 2246 2254 2251
f 2243 2257 2266
f 2250 2294 2270
f 2327 2365 2353
f 2327 2353 2352
f 2327 2352 2332
f 2341 2355 2363
f 2341 2363 2357
f 2341 2357 2343

