# https://github.com/mikedh/trimesh
v -0.05829000 -0.22150200 -0.03497400 0.21960784 0.17647059 0.12549020
v -0.05829000 -0.19818600 -0.03497400 0.23529412 0.19215686 0.16470588
v -0.05829000 -0.22150200 -0.01165800 0.21960784 0.17647059 0.12549020
v -0.05829000 -0.19818600 -0.01165800 0.25882353 0.20392157 0.16078431
v -0.05829000 -0.17487000 -0.03497400 0.25882353 0.22352941 0.22352941
v -0.05829000 -0.17487000 -0.01165800 0.26666667 0.23137255 0.23529412
v -0.05829000 -0.15155400 -0.03497400 0.27843137 0.22745098 0.24705882
v -0.05829000 -0.15155400 -0.01165800 0.29019608 0.25098039 0.25490196
v -0.05829000 -0.12823800 -0.03497400 0.25098039 0.19607843 0.19215686
v -0.05829000 -0.12823800 -0.01165800 0.30588235 0.25098039 0.26666667
v -0.05829000 -0.10492200 -0.03497400 0.25882353 0.21960784 0.25882353
v -0.05829000 -0.10492200 -0.01165800 0.38823529 0.32941176 0.36862745
v -0.05829000 -0.08160600 -0.03497400 0.36470588 0.34901961 0.40784314
v -0.05829000 -0.08160600 -0.01165800 0.38823529 0.38039216 0.45098039
v -0.05829000 -0.05829000 -0.03497400 0.38823529 0.36862745 0.42745098
v -0.05829000 -0.05829000 -0.01165800 0.38823529 0.38039216 0.45098039
v -0.05829000 -0.03497400 -0.03497400 0.39607843 0.38431373 0.45098039
v -0.05829000 -0.03497400 -0.01165800 0.41960784 0.39607843 0.45098039
v -0.05829000 -0.01165800 -0.03497400 0.38823529 0.38823529 0.43529412
v -0.05829000 -0.01165800 -0.01165800 0.40000000 0.39607843 0.45098039
v -0.05829000 0.01165800 -0.03497400 0.30588235 0.28627451 0.31372549
v -0.05829000 0.01165800 -0.01165800 0.41960784 0.38823529 0.40392157
v -0.05829000 0.03497400 -0.03497400 0.29803922 0.27058824 0.32156863
v -0.05829000 0.03497400 -0.01165800 0.30980392 0.29411765 0.34117647
v -0.05829000 0.05829000 -0.03497400 0.22352941 0.19215686 0.22352941
v -0.05829000 0.05829000 -0.01165800 0.29019608 0.24313725 0.25882353
v -0.05829000 0.08160600 -0.03497400 0.52941176 0.51372549 0.52941176
v -0.05829000 0.08160600 -0.01165800 0.55294118 0.55686275 0.55294118
v -0.05829000 0.10492200 -0.03497400 0.39607843 0.38823529 0.42745098
v -0.05829000 0.10492200 -0.01165800 0.40784314 0.43137255 0.45098039
v -0.05829000 0.12823800 -0.03497400 0.41568627 0.37647059 0.41568627
v -0.05829000 0.12823800 -0.01165800 0.41960784 0.44313725 0.48235294
v -0.05829000 0.15155400 -0.03497400 0.38039216 0.34117647 0.38039216
v -0.05829000 0.15155400 -0.01165800 0.37254902 0.36862745 0.40392157
v -0.05829000 0.17487000 -0.03497400 0.41960784 0.38039216 0.41960784
v -0.05829000 0.17487000 -0.01165800 0.38823529 0.35686275 0.39607843
v -0.05829000 0.19818600 -0.03497400 0.40392157 0.34117647 0.37254902
v -0.05829000 0.19818600 -0.01165800 0.33725490 0.30980392 0.33725490
v -0.05829000 0.22150200 -0.03497400 0.82745098 0.81176471 0.83137255
v -0.05829000 0.22150200 -0.01165800 0.61176471 0.58823529 0.63921569
v -0.05829000 0.24481800 -0.03497400 0.67058824 0.65882353 0.73333333
v -0.05829000 0.24481800 -0.01165800 0.58431373 0.56470588 0.61568627
v -0.05829000 0.26813400 -0.03497400 0.62352941 0.56470588 0.62352941
v -0.05829000 0.26813400 -0.01165800 0.46274510 0.41568627 0.51764706
v -0.05829000 0.29145000 -0.03497400 0.62352941 0.54901961 0.63137255
v -0.05829000 0.29145000 -0.01165800 0.61176471 0.53333333 0.61568627
v -0.05829000 0.31476600 -0.03497400 0.62745098 0.57647059 0.65490196
v -0.05829000 0.31476600 -0.01165800 0.64705882 0.56862745 0.67058824
v -0.05829000 0.33808200 -0.03497400 0.81176471 0.75294118 0.84313725
v -0.05829000 0.33808200 -0.01165800 0.53333333 0.44313725 0.53333333
v -0.05829000 0.36139800 -0.03497400 0.69019608 0.64705882 0.69019608
v -0.05829000 0.36139800 -0.01165800 0.73333333 0.70980392 0.76862745
v -0.08160600 -0.22150200 -0.01165800 0.31764706 0.25098039 0.18431373
v -0.08160600 -0.19818600 -0.01165800 0.55686275 0.49019608 0.51764706
v -0.08160600 -0.22150200 0.01165800 0.31764706 0.25098039 0.18431373
v -0.08160600 -0.19818600 0.01165800 0.31764706 0.25098039 0.18431373
v 0.03497400 -0.22150200 -0.01165800 0.17647059 0.11764706 0.04705882
v 0.03497400 -0.19818600 -0.01165800 0.26666667 0.22352941 0.19215686
v 0.03497400 -0.22150200 0.01165800 0.19215686 0.14509804 0.12941176
v 0.03497400 -0.19818600 0.01165800 0.25882353 0.20392157 0.18039216
v -0.08160600 -0.17487000 -0.01165800 0.58039216 0.55686275 0.58039216
v -0.08160600 -0.17487000 0.01165800 0.55686275 0.49019608 0.51764706
v 0.03497400 -0.17487000 -0.01165800 0.28235294 0.23137255 0.22352941
v 0.03497400 -0.17487000 0.01165800 0.28627451 0.23529412 0.21176471
v -0.08160600 -0.15155400 -0.01165800 0.67843137 0.64705882 0.69019608
v -0.08160600 -0.15155400 0.01165800 0.58039216 0.55686275 0.58039216
v 0.03497400 -0.15155400 -0.01165800 0.29019608 0.23921569 0.23529412
v 0.03497400 -0.15155400 0.01165800 0.30588235 0.26274510 0.25882353
v -0.08160600 -0.12823800 -0.01165800 0.67843137 0.61960784 0.67843137
v -0.08160600 -0.12823800 0.01165800 0.67843137 0.64705882 0.69019608
v 0.03497400 -0.12823800 -0.01165800 0.30196078 0.24705882 0.24313725
v 0.03497400 -0.12823800 0.01165800 0.32156863 0.25490196 0.25882353
v -0.08160600 -0.10492200 -0.01165800 0.64705882 0.58823529 0.64705882
v -0.08160600 -0.10492200 0.01165800 0.67843137 0.61960784 0.67843137
v 0.03497400 -0.10492200 -0.01165800 0.25882353 0.21176471 0.24705882
v 0.03497400 -0.10492200 0.01165800 0.29019608 0.23529412 0.25882353
v -0.08160600 -0.08160600 -0.01165800 0.70980392 0.67450980 0.74117647
v -0.08160600 -0.08160600 0.01165800 0.64705882 0.58823529 0.64705882
v 0.03497400 -0.08160600 -0.01165800 0.25882353 0.21176471 0.24313725
v 0.03497400 -0.08160600 0.01165800 0.26666667 0.20784314 0.23529412
v -0.08160600 -0.05829000 -0.01165800 0.69019608 0.65882353 0.72549020
v -0.08160600 -0.05829000 0.01165800 0.70980392 0.67450980 0.74117647
v 0.03497400 -0.05829000 -0.01165800 0.63921569 0.59215686 0.66274510
v 0.03497400 -0.05829000 0.01165800 0.39215686 0.38431373 0.47450980
v -0.08160600 -0.03497400 -0.01165800 0.50196078 0.49411765 0.52549020
v -0.08160600 -0.03497400 0.01165800 0.69019608 0.65882353 0.72549020
v 0.03497400 -0.03497400 -0.01165800 0.41960784 0.40000000 0.47058824
v 0.03497400 -0.03497400 0.01165800 0.40392157 0.38039216 0.48235294
v -0.08160600 -0.01165800 -0.01165800 0.61568627 0.61960784 0.67843137
v -0.08160600 -0.01165800 0.01165800 0.50196078 0.49411765 0.52549020
v 0.03497400 -0.01165800 -0.01165800 0.37647059 0.35294118 0.42745098
v 0.03497400 -0.01165800 0.01165800 0.36470588 0.33333333 0.39607843
v -0.08160600 0.01165800 -0.01165800 0.67843137 0.66666667 0.67843137
v -0.08160600 0.01165800 0.01165800 0.61568627 0.61960784 0.67843137
v 0.03497400 0.01165800 -0.01165800 0.38431373 0.34901961 0.41960784
v 0.03497400 0.01165800 0.01165800 0.38823529 0.35294118 0.42745098
v -0.08160600 0.03497400 -0.01165800 0.70980392 0.66666667 0.67843137
v -0.08160600 0.03497400 0.01165800 0.67843137 0.66666667 0.67843137
v 0.03497400 0.03497400 -0.01165800 0.35294118 0.28235294 0.35294118
v 0.03497400 0.03497400 0.01165800 0.35294118 0.30196078 0.35294118
v -0.08160600 0.05829000 -0.01165800 0.69411765 0.65882353 0.67058824
v -0.08160600 0.05829000 0.01165800 0.70980392 0.66666667 0.67843137
v 0.03497400 0.05829000 -0.01165800 0.30980392 0.25490196 0.30980392
v 0.03497400 0.05829000 0.01165800 0.32156863 0.27058824 0.32156863
v -0.08160600 0.08160600 -0.01165800 0.69803922 0.66666667 0.68235294
v -0.08160600 0.08160600 0.01165800 0.69411765 0.65882353 0.67058824
v 0.03497400 0.08160600 -0.01165800 0.31372549 0.27843137 0.31372549
v 0.03497400 0.08160600 0.01165800 0.50980392 0.43921569 0.51372549
v -0.08160600 0.10492200 -0.01165800 0.69803922 0.70196078 0.72941176
v -0.08160600 0.10492200 0.01165800 0.69803922 0.66666667 0.68235294
v 0.03497400 0.10492200 -0.01165800 0.45098039 0.44313725 0.51764706
v 0.03497400 0.10492200 0.01165800 0.45098039 0.42745098 0.51764706
v -0.08160600 0.12823800 -0.01165800 0.70980392 0.71764706 0.74117647
v -0.08160600 0.12823800 0.01165800 0.69803922 0.70196078 0.72941176
v 0.03497400 0.12823800 -0.01165800 0.48235294 0.44705882 0.51764706
v 0.03497400 0.12823800 0.01165800 0.55686275 0.51764706 0.62352941
v -0.08160600 0.15155400 -0.01165800 0.73725490 0.74117647 0.76862745
v -0.08160600 0.15155400 0.01165800 0.70980392 0.71764706 0.74117647
v 0.03497400 0.15155400 -0.01165800 0.44313725 0.39215686 0.47843137
v 0.03497400 0.15155400 0.01165800 0.49803922 0.43529412 0.50196078
v -0.08160600 0.17487000 -0.01165800 0.78039216 0.76078431 0.77254902
v -0.08160600 0.17487000 0.01165800 0.73725490 0.74117647 0.76862745
v 0.03497400 0.17487000 -0.01165800 0.45098039 0.36862745 0.43137255
v 0.03497400 0.17487000 0.01165800 0.57254902 0.48235294 0.56862745
v -0.08160600 0.19818600 -0.01165800 0.72156863 0.69803922 0.72156863
v -0.08160600 0.19818600 0.01165800 0.78039216 0.76078431 0.77254902
v 0.03497400 0.19818600 -0.01165800 0.40784314 0.35294118 0.41960784
v 0.03497400 0.19818600 0.01165800 0.50588235 0.38823529 0.47058824
v -0.08160600 0.22150200 -0.01165800 0.63137255 0.61568627 0.63921569
v -0.08160600 0.22150200 0.01165800 0.72156863 0.69803922 0.72156863
v 0.03497400 0.22150200 -0.01165800 0.70980392 0.66666667 0.74117647
v 0.03497400 0.22150200 0.01165800 0.69019608 0.65098039 0.72549020
v -0.08160600 0.24481800 -0.01165800 0.51372549 0.49019608 0.56078431
v -0.08160600 0.24481800 0.01165800 0.63137255 0.61568627 0.63921569
v 0.03497400 0.24481800 -0.01165800 0.64705882 0.63529412 0.70980392
v 0.03497400 0.24481800 0.01165800 0.93333333 0.90588235 0.96470588
v -0.08160600 0.26813400 -0.01165800 0.45098039 0.42745098 0.49411765
v -0.08160600 0.26813400 0.01165800 0.51372549 0.49019608 0.56078431
v 0.01165800 0.24481800 -0.01165800 0.70588235 0.65098039 0.73725490
v 0.01165800 0.26813400 -0.01165800 0.83529412 0.82352941 0.86666667
v 0.01165800 0.24481800 0.01165800 0.65098039 0.60784314 0.67843137
v 0.01165800 0.26813400 0.01165800 0.63137255 0.58823529 0.65882353
v -0.08160600 0.29145000 -0.01165800 0.62745098 0.56470588 0.63921569
v -0.08160600 0.29145000 0.01165800 0.45098039 0.42745098 0.49411765
v 0.01165800 0.29145000 -0.01165800 0.90980392 0.86666667 0.92156863
v 0.01165800 0.29145000 0.01165800 0.67843137 0.61960784 0.70980392
v -0.08160600 0.31476600 -0.01165800 0.32941176 0.29019608 0.32941176
v -0.08160600 0.31476600 0.01165800 0.83921569 0.76470588 0.64705882
v 0.01165800 0.31476600 -0.01165800 0.67843137 0.61960784 0.70588235
v 0.01165800 0.31476600 0.01165800 0.65098039 0.60784314 0.70980392
v -0.08160600 0.33808200 -0.01165800 0.69019608 0.64705882 0.69019608
v -0.08160600 0.33808200 0.01165800 0.83921569 0.76470588 0.64705882
v -0.10492200 0.33808200 -0.01165800 0.83921569 0.76470588 0.64705882
v -0.10492200 0.36139800 -0.01165800 0.83921569 0.76470588 0.64705882
v -0.10492200 0.33808200 0.01165800 0.83921569 0.76470588 0.64705882
v -0.10492200 0.36139800 0.01165800 0.83921569 0.76470588 0.64705882
v -0.08160600 0.36139800 -0.01165800 0.75294118 0.73333333 0.77647059
v -0.08160600 0.38471400 -0.01165800 0.78431373 0.75686275 0.78823529
v -0.08160600 0.36139800 0.01165800 0.83921569 0.76470588 0.64705882
v -0.08160600 0.38471400 0.01165800 0.75294118 0.73333333 0.77647059
v -0.08160600 0.40803000 -0.01165800 0.78431373 0.75686275 0.78823529
v -0.08160600 0.40803000 0.01165800 0.78431373 0.75686275 0.78823529
v -0.05829000 0.40803000 -0.01165800 0.74901961 0.72156863 0.78431373
v -0.05829000 0.43134600 -0.01165800 0.87058824 0.82745098 0.90588235
v -0.05829000 0.40803000 0.01165800 0.78431373 0.75686275 0.78823529
v -0.05829000 0.43134600 0.01165800 0.74901961 0.72156863 0.78431373
v -0.05829000 0.45466200 -0.01165800 0.87058824 0.82745098 0.90588235
v -0.05829000 0.45466200 0.01165800 0.87058824 0.82745098 0.90588235
v -0.03497400 0.45466200 -0.01165800 0.87058824 0.82745098 0.90588235
v -0.03497400 0.47797800 -0.01165800 0.87058824 0.82745098 0.90588235
v -0.03497400 0.45466200 0.01165800 0.87058824 0.82745098 0.90588235
v -0.03497400 0.47797800 0.01165800 0.87058824 0.82745098 0.90588235
v -0.01165800 0.47797800 -0.01165800 0.93725490 0.91372549 0.98823529
v -0.01165800 0.50129400 -0.01165800 0.93725490 0.91372549 0.98823529
v -0.01165800 0.47797800 0.01165800 0.87058824 0.82745098 0.90588235
v -0.01165800 0.50129400 0.01165800 0.87058824 0.82745098 0.90588235
v -0.05829000 -0.22150200 0.01165800 0.14509804 0.09411765 0.01568627
v -0.05829000 -0.19818600 0.01165800 0.24705882 0.19607843 0.14901961
v -0.05829000 -0.22150200 0.03497400 0.14509804 0.09411765 0.01568627
v -0.05829000 -0.19818600 0.03497400 0.24705882 0.19607843 0.14901961
v -0.05829000 -0.17487000 0.01165800 0.25490196 0.21568627 0.21960784
v -0.05829000 -0.17487000 0.03497400 0.25490196 0.21568627 0.21960784
v -0.05829000 -0.15155400 0.01165800 0.25882353 0.21176471 0.21176471
v -0.05829000 -0.15155400 0.03497400 0.25882353 0.21176471 0.21176471
v -0.05829000 -0.12823800 0.01165800 0.22352941 0.17254902 0.18431373
v -0.05829000 -0.12823800 0.03497400 0.22352941 0.17254902 0.18431373
v -0.05829000 -0.10492200 0.01165800 0.34901961 0.29803922 0.34901961
v -0.05829000 -0.10492200 0.03497400 0.34901961 0.29803922 0.34901961
v -0.05829000 -0.08160600 0.01165800 0.40000000 0.36078431 0.41960784
v -0.05829000 -0.08160600 0.03497400 0.40000000 0.36078431 0.41960784
v -0.05829000 -0.05829000 0.01165800 0.38431373 0.35294118 0.41960784
v -0.05829000 -0.05829000 0.03497400 0.38431373 0.35294118 0.41960784
v -0.05829000 -0.03497400 0.01165800 0.39607843 0.37254902 0.42745098
v -0.05829000 -0.03497400 0.03497400 0.39607843 0.37254902 0.42745098
v -0.05829000 -0.01165800 0.01165800 0.38823529 0.36862745 0.41960784
v -0.05829000 -0.01165800 0.03497400 0.38823529 0.36862745 0.41960784
v -0.05829000 0.01165800 0.01165800 0.35686275 0.35294118 0.38823529
v -0.05829000 0.01165800 0.03497400 0.35686275 0.35294118 0.38823529
v -0.05829000 0.03497400 0.01165800 0.32156863 0.30196078 0.35294118
v -0.05829000 0.03497400 0.03497400 0.32156863 0.30196078 0.35294118
v -0.05829000 0.05829000 0.01165800 0.22352941 0.20784314 0.25882353
v -0.05829000 0.05829000 0.03497400 0.22352941 0.20784314 0.25882353
v -0.05829000 0.08160600 0.01165800 0.35294118 0.34901961 0.35294118
v -0.05829000 0.08160600 0.03497400 0.35294118 0.34901961 0.35294118
v -0.05829000 0.10492200 0.01165800 0.39607843 0.40392157 0.43921569
v -0.05829000 0.10492200 0.03497400 0.39607843 0.40392157 0.43921569
v -0.05829000 0.12823800 0.01165800 0.51764706 0.49411765 0.54901961
v -0.05829000 0.12823800 0.03497400 0.51764706 0.49411765 0.54901961
v -0.05829000 0.15155400 0.01165800 0.52549020 0.46274510 0.52156863
v -0.05829000 0.15155400 0.03497400 0.52549020 0.46274510 0.52156863
v -0.05829000 0.17487000 0.01165800 0.49803922 0.43921569 0.49803922
v -0.05829000 0.17487000 0.03497400 0.49803922 0.43921569 0.49803922
v -0.05829000 0.19818600 0.01165800 0.60392157 0.56078431 0.60000000
v -0.05829000 0.19818600 0.03497400 0.60392157 0.56078431 0.60000000
v -0.05829000 0.22150200 0.01165800 0.82745098 0.81176471 0.83137255
v -0.05829000 0.22150200 0.03497400 0.82745098 0.81176471 0.83137255
v -0.05829000 0.24481800 0.01165800 0.67058824 0.65882353 0.73333333
v -0.05829000 0.24481800 0.03497400 0.67058824 0.65882353 0.73333333
v -0.05829000 0.26813400 0.01165800 0.51372549 0.49019608 0.56078431
v -0.05829000 0.26813400 0.03497400 0.51372549 0.49019608 0.56078431
v -0.03497400 0.26813400 0.01165800 0.63137255 0.59607843 0.66666667
v -0.03497400 0.29145000 0.01165800 0.60392157 0.54901961 0.62745098
v -0.03497400 0.26813400 0.03497400 0.63137255 0.59607843 0.66666667
v -0.03497400 0.29145000 0.03497400 0.60392157 0.54901961 0.62745098
v -0.03497400 0.31476600 0.01165800 0.64705882 0.60784314 0.68627451
v -0.03497400 0.31476600 0.03497400 0.64705882 0.60784314 0.68627451
v -0.05829000 0.31476600 0.01165800 0.62745098 0.57647059 0.65490196
v -0.05829000 0.33808200 0.01165800 0.32941176 0.29019608 0.32941176
v -0.05829000 0.31476600 0.03497400 0.62745098 0.57647059 0.65490196
v -0.05829000 0.33808200 0.03497400 0.32941176 0.29019608 0.32941176
v 0.05829000 -0.22150200 -0.03497400 0.12941176 0.10980392 0.08235294
v 0.05829000 -0.19818600 -0.03497400 0.12941176 0.10980392 0.08235294
v 0.05829000 -0.22150200 -0.01165800 0.36078431 0.30588235 0.24313725
v 0.05829000 -0.19818600 -0.01165800 0.58039216 0.52941176 0.56470588
v 0.05829000 -0.17487000 -0.03497400 0.24313725 0.19607843 0.16078431
v 0.05829000 -0.17487000 -0.01165800 0.60784314 0.57254902 0.63529412
v 0.05829000 -0.15155400 -0.03497400 0.27450980 0.21960784 0.20784314
v 0.05829000 -0.15155400 -0.01165800 0.79607843 0.76862745 0.82745098
v 0.05829000 -0.12823800 -0.03497400 0.29803922 0.24705882 0.24705882
v 0.05829000 -0.12823800 -0.01165800 0.69411765 0.64705882 0.70980392
v 0.05829000 -0.10492200 -0.03497400 0.32156863 0.25490196 0.25882353
v 0.05829000 -0.10492200 -0.01165800 0.80784314 0.74509804 0.80784314
v 0.05829000 -0.08160600 -0.03497400 0.29019608 0.23529412 0.25882353
v 0.05829000 -0.08160600 -0.01165800 0.93333333 0.90588235 0.96470588
v 0.05829000 -0.05829000 -0.03497400 0.26666667 0.20784314 0.23529412
v 0.05829000 -0.05829000 -0.01165800 0.92549020 0.88627451 0.95686275
v 0.05829000 -0.03497400 -0.03497400 0.49019608 0.42352941 0.52156863
v 0.05829000 -0.03497400 -0.01165800 0.85882353 0.81568627 0.89411765
v 0.05829000 -0.01165800 -0.03497400 0.39607843 0.38039216 0.49411765
v 0.05829000 -0.01165800 -0.01165800 0.74117647 0.71372549 0.77647059
v 0.05829000 0.01165800 -0.03497400 0.37647059 0.34117647 0.43921569
v 0.05829000 0.01165800 -0.01165800 0.59607843 0.52941176 0.63137255
v 0.05829000 0.03497400 -0.03497400 0.36862745 0.32941176 0.41176471
v 0.05829000 0.03497400 -0.01165800 0.57647059 0.41176471 0.49411765
v 0.05829000 0.05829000 -0.03497400 0.35294118 0.29019608 0.35294118
v 0.05829000 0.05829000 -0.01165800 0.35686275 0.29019608 0.32549020
v 0.05829000 0.08160600 -0.03497400 0.32156863 0.27058824 0.32156863
v 0.05829000 0.08160600 -0.01165800 0.71764706 0.67843137 0.73333333
v 0.05829000 0.10492200 -0.03497400 0.32156863 0.27058824 0.32156863
v 0.05829000 0.10492200 -0.01165800 0.53333333 0.50588235 0.56470588
v 0.05829000 0.12823800 -0.03497400 0.43921569 0.41960784 0.50588235
v 0.05829000 0.12823800 -0.01165800 0.67843137 0.66274510 0.72941176
v 0.05829000 0.15155400 -0.03497400 0.46274510 0.43137255 0.52549020
v 0.05829000 0.15155400 -0.01165800 0.70196078 0.67843137 0.73333333
v 0.05829000 0.17487000 -0.03497400 0.45882353 0.40784314 0.50196078
v 0.05829000 0.17487000 -0.01165800 0.78431373 0.73333333 0.78431373
v 0.05829000 0.19818600 -0.03497400 0.47843137 0.39607843 0.47843137
v 0.05829000 0.19818600 -0.01165800 0.73333333 0.67843137 0.73333333
v 0.05829000 0.22150200 -0.03497400 0.43921569 0.35294118 0.41960784
v 0.05829000 0.22150200 -0.01165800 0.83921569 0.81176471 0.87058824
v 0.05829000 0.24481800 -0.03497400 0.70980392 0.66666667 0.71372549
v 0.05829000 0.24481800 -0.01165800 0.79215686 0.78039216 0.82745098
v 0.03497400 0.24481800 -0.03497400 0.93333333 0.90588235 0.96470588
v 0.03497400 0.26813400 -0.03497400 0.69803922 0.65490196 0.72941176
v 0.03497400 0.26813400 -0.01165800 0.60000000 0.52941176 0.60000000
v 0.03497400 0.29145000 -0.03497400 0.69019608 0.65098039 0.72156863
v 0.03497400 0.29145000 -0.01165800 0.54901961 0.42745098 0.55294118
v 0.03497400 0.31476600 -0.03497400 0.87058824 0.81176471 0.90588235
v 0.03497400 0.31476600 -0.01165800 0.58823529 0.47058824 0.58823529
v 0.05829000 0.31476600 -0.03497400 0.54901961 0.42745098 0.55294118
v 0.05829000 0.33808200 -0.03497400 0.87058824 0.81176471 0.90588235
v 0.05829000 0.31476600 -0.01165800 0.54509804 0.39215686 0.44705882
v 0.05829000 0.33808200 -0.01165800 0.79215686 0.72549020 0.78431373
v 0.05829000 0.36139800 -0.03497400 0.91764706 0.89019608 0.93725490
v 0.05829000 0.36139800 -0.01165800 0.80784314 0.79607843 0.83921569
v -0.03497400 -0.22150200 -0.01165800 0.21960784 0.17647059 0.12549020
v -0.03497400 -0.19818600 -0.01165800 0.21960784 0.17647059 0.12549020
v -0.03497400 -0.22150200 0.01165800 0.17254902 0.10980392 0.03137255
v -0.03497400 -0.19818600 0.01165800 0.37647059 0.27450980 0.21568627
v 0.08160600 -0.22150200 -0.01165800 0.36078431 0.30588235 0.24313725
v 0.08160600 -0.19818600 -0.01165800 0.36078431 0.30588235 0.24313725
v 0.08160600 -0.22150200 0.01165800 0.36078431 0.30588235 0.24313725
v 0.08160600 -0.19818600 0.01165800 0.36078431 0.30588235 0.24313725
v -0.03497400 -0.17487000 -0.01165800 0.23529412 0.19215686 0.16470588
v -0.03497400 -0.17487000 0.01165800 0.39607843 0.33725490 0.29411765
v 0.08160600 -0.17487000 -0.01165800 0.58039216 0.52941176 0.56470588
v 0.08160600 -0.17487000 0.01165800 0.58039216 0.52941176 0.56470588
v -0.03497400 -0.15155400 -0.01165800 0.25882353 0.22352941 0.22352941
v -0.03497400 -0.15155400 0.01165800 0.46274510 0.38823529 0.39607843
v 0.08160600 -0.15155400 -0.01165800 0.60784314 0.57254902 0.63529412
v 0.08160600 -0.15155400 0.01165800 0.60784314 0.57254902 0.63529412
v -0.03497400 -0.12823800 -0.01165800 0.27843137 0.22745098 0.24705882
v -0.03497400 -0.12823800 0.01165800 0.52549020 0.42352941 0.48627451
v 0.08160600 -0.12823800 -0.01165800 0.79607843 0.76862745 0.82745098
v 0.08160600 -0.12823800 0.01165800 0.79607843 0.76862745 0.82745098
v -0.03497400 -0.10492200 -0.01165800 0.25098039 0.19607843 0.19215686
v -0.03497400 -0.10492200 0.01165800 0.83921569 0.81176471 0.87058824
v 0.08160600 -0.10492200 -0.01165800 0.69411765 0.64705882 0.70980392
v 0.08160600 -0.10492200 0.01165800 0.69411765 0.64705882 0.70980392
v -0.03497400 -0.08160600 -0.01165800 0.25882353 0.21960784 0.25882353
v -0.03497400 -0.08160600 0.01165800 0.82745098 0.80000000 0.85882353
v 0.08160600 -0.08160600 -0.01165800 0.80784314 0.74509804 0.80784314
v 0.08160600 -0.08160600 0.01165800 0.80784314 0.74509804 0.80784314
v -0.03497400 -0.05829000 -0.01165800 0.36470588 0.34901961 0.40784314
v -0.03497400 -0.05829000 0.01165800 0.78039216 0.74509804 0.83921569
v 0.08160600 -0.05829000 -0.01165800 0.93333333 0.90588235 0.96470588
v 0.08160600 -0.05829000 0.01165800 0.93333333 0.90588235 0.96470588
v -0.03497400 -0.03497400 -0.01165800 0.38823529 0.36862745 0.42745098
v -0.03497400 -0.03497400 0.01165800 0.73333333 0.70980392 0.79607843
v 0.08160600 -0.03497400 -0.01165800 0.92549020 0.88627451 0.95686275
v 0.08160600 -0.03497400 0.01165800 0.92549020 0.88627451 0.95686275
v -0.03497400 -0.01165800 -0.01165800 0.39607843 0.38431373 0.45098039
v -0.03497400 -0.01165800 0.01165800 0.46274510 0.45490196 0.52549020
v 0.08160600 -0.01165800 -0.01165800 0.85882353 0.81568627 0.89411765
v 0.08160600 -0.01165800 0.01165800 0.85882353 0.81568627 0.89411765
v -0.03497400 0.01165800 -0.01165800 0.38823529 0.38823529 0.43529412
v -0.03497400 0.01165800 0.01165800 0.56470588 0.55686275 0.60392157
v 0.08160600 0.01165800 -0.01165800 0.74117647 0.71372549 0.77647059
v 0.08160600 0.01165800 0.01165800 0.74117647 0.71372549 0.77647059
v -0.03497400 0.03497400 -0.01165800 0.30588235 0.28627451 0.31372549
v -0.03497400 0.03497400 0.01165800 0.37647059 0.35686275 0.40784314
v 0.08160600 0.03497400 -0.01165800 0.59607843 0.52941176 0.63137255
v 0.08160600 0.03497400 0.01165800 0.59607843 0.52941176 0.63137255
v -0.03497400 0.05829000 -0.01165800 0.29803922 0.27058824 0.32156863
v -0.03497400 0.05829000 0.01165800 0.65882353 0.65098039 0.69411765
v 0.08160600 0.05829000 -0.01165800 0.57647059 0.41176471 0.49411765
v 0.08160600 0.05829000 0.01165800 0.57647059 0.41176471 0.49411765
v -0.03497400 0.08160600 -0.01165800 0.22352941 0.19215686 0.22352941
v -0.03497400 0.08160600 0.01165800 0.55294118 0.52156863 0.58431373
v 0.08160600 0.08160600 -0.01165800 0.35686275 0.29019608 0.32549020
v 0.08160600 0.08160600 0.01165800 0.35686275 0.29019608 0.32549020
v -0.03497400 0.10492200 -0.01165800 0.52941176 0.51372549 0.52941176
v -0.03497400 0.10492200 0.01165800 0.29803922 0.28235294 0.30196078
v 0.08160600 0.10492200 -0.01165800 0.71764706 0.67843137 0.73333333
v 0.08160600 0.10492200 0.01165800 0.71764706 0.67843137 0.73333333
v -0.03497400 0.12823800 -0.01165800 0.39607843 0.38823529 0.42745098
v -0.03497400 0.12823800 0.01165800 0.41568627 0.36470588 0.41960784
v 0.08160600 0.12823800 -0.01165800 0.53333333 0.50588235 0.56470588
v 0.08160600 0.12823800 0.01165800 0.53333333 0.50588235 0.56470588
v -0.03497400 0.15155400 -0.01165800 0.41568627 0.37647059 0.41568627
v -0.03497400 0.15155400 0.01165800 0.40000000 0.36078431 0.40000000
v 0.08160600 0.15155400 -0.01165800 0.67843137 0.66274510 0.72941176
v 0.08160600 0.15155400 0.01165800 0.67843137 0.66274510 0.72941176
v -0.03497400 0.17487000 -0.01165800 0.38039216 0.34117647 0.38039216
v -0.03497400 0.17487000 0.01165800 0.36862745 0.34509804 0.35686275
v 0.08160600 0.17487000 -0.01165800 0.70196078 0.67843137 0.73333333
v 0.08160600 0.17487000 0.01165800 0.70196078 0.67843137 0.73333333
v -0.03497400 0.19818600 -0.01165800 0.41960784 0.38039216 0.41960784
v -0.03497400 0.19818600 0.01165800 0.50196078 0.45098039 0.48235294
v 0.08160600 0.19818600 -0.01165800 0.78431373 0.73333333 0.78431373
v 0.08160600 0.19818600 0.01165800 0.78431373 0.73333333 0.78431373
v -0.03497400 0.22150200 -0.01165800 0.40392157 0.34117647 0.37254902
v -0.03497400 0.22150200 0.01165800 0.67843137 0.66666667 0.70980392
v 0.08160600 0.22150200 -0.01165800 0.73333333 0.67843137 0.73333333
v 0.08160600 0.22150200 0.01165800 0.73333333 0.67843137 0.73333333
v -0.03497400 0.24481800 -0.01165800 0.82745098 0.81176471 0.83137255
v -0.03497400 0.24481800 0.01165800 0.62352941 0.62352941 0.67843137
v 0.08160600 0.24481800 -0.01165800 0.83921569 0.81176471 0.87058824
v 0.08160600 0.24481800 0.01165800 0.83921569 0.81176471 0.87058824
v -0.03497400 0.26813400 -0.01165800 0.67058824 0.65882353 0.73333333
v 0.08160600 0.26813400 -0.01165800 0.79215686 0.78039216 0.82745098
v 0.08160600 0.26813400 0.01165800 0.79215686 0.78039216 0.82745098
v -0.03497400 0.29145000 -0.01165800 0.62352941 0.56470588 0.62352941
v 0.08160600 0.29145000 -0.01165800 0.81960784 0.77254902 0.83137255
v 0.08160600 0.29145000 0.01165800 0.81960784 0.77254902 0.83137255
v -0.03497400 0.31476600 -0.01165800 0.64705882 0.61960784 0.70980392
v 0.08160600 0.31476600 -0.01165800 0.83921569 0.75686275 0.85098039
v 0.08160600 0.31476600 0.01165800 0.83921569 0.75686275 0.85098039
v 0.08160600 0.33808200 -0.01165800 0.94509804 0.91372549 0.94509804
v 0.08160600 0.33808200 0.01165800 0.54509804 0.39215686 0.44705882
v 0.10492200 0.33808200 -0.01165800 0.94509804 0.91372549 0.94509804
v 0.10492200 0.36139800 -0.01165800 0.79215686 0.72549020 0.78431373
v 0.10492200 0.33808200 0.01165800 0.54509804 0.39215686 0.44705882
v 0.10492200 0.36139800 0.01165800 0.79215686 0.72549020 0.78431373
v 0.08160600 0.36139800 -0.01165800 0.79215686 0.72549020 0.78431373
v 0.08160600 0.38471400 -0.01165800 0.80784314 0.79607843 0.83921569
v 0.08160600 0.36139800 0.01165800 0.79215686 0.72549020 0.78431373
v 0.08160600 0.38471400 0.01165800 0.80784314 0.79607843 0.83921569
v 0.08160600 0.40803000 -0.01165800 0.92941176 0.89803922 0.96078431
v 0.08160600 0.40803000 0.01165800 0.92941176 0.89803922 0.96078431
v 0.05829000 0.40803000 -0.01165800 0.78431373 0.75686275 0.80784314
v 0.05829000 0.43134600 -0.01165800 0.81568627 0.77254902 0.84705882
v 0.05829000 0.40803000 0.01165800 0.78431373 0.75686275 0.80784314
v 0.05829000 0.43134600 0.01165800 0.81568627 0.77254902 0.84705882
v 0.03497400 0.43134600 -0.01165800 0.80784314 0.76862745 0.83921569
v 0.03497400 0.45466200 -0.01165800 0.82745098 0.78823529 0.85882353
v 0.03497400 0.43134600 0.01165800 0.80784314 0.76862745 0.83921569
v 0.03497400 0.45466200 0.01165800 0.82745098 0.78823529 0.85882353
v 0.03497400 0.47797800 -0.01165800 0.87450980 0.83921569 0.90980392
v 0.03497400 0.47797800 0.01165800 0.87450980 0.83921569 0.90980392
v 0.01165800 0.47797800 -0.01165800 0.87058824 0.82745098 0.90588235
v 0.01165800 0.50129400 -0.01165800 0.87058824 0.82745098 0.90588235
v 0.01165800 0.47797800 0.01165800 0.87058824 0.82745098 0.90588235
v 0.01165800 0.50129400 0.01165800 0.87058824 0.82745098 0.90588235
v 0.05829000 -0.22150200 0.01165800 0.17647059 0.11764706 0.04705882
v 0.05829000 -0.19818600 0.01165800 0.17647059 0.11764706 0.04705882
v 0.05829000 -0.22150200 0.03497400 0.17647059 0.11764706 0.04705882
v 0.05829000 -0.19818600 0.03497400 0.17647059 0.11764706 0.04705882
v 0.05829000 -0.17487000 0.01165800 0.26666667 0.22352941 0.19215686
v 0.05829000 -0.17487000 0.03497400 0.26666667 0.22352941 0.19215686
v 0.05829000 -0.15155400 0.01165800 0.28235294 0.23137255 0.22352941
v 0.05829000 -0.15155400 0.03497400 0.28235294 0.23137255 0.22352941
v 0.05829000 -0.12823800 0.01165800 0.29019608 0.23921569 0.23529412
v 0.05829000 -0.12823800 0.03497400 0.29019608 0.23921569 0.23529412
v 0.05829000 -0.10492200 0.01165800 0.30196078 0.24705882 0.24313725
v 0.05829000 -0.10492200 0.03497400 0.30196078 0.24705882 0.24313725
v 0.05829000 -0.08160600 0.01165800 0.25882353 0.21176471 0.24705882
v 0.05829000 -0.08160600 0.03497400 0.25882353 0.21176471 0.24705882
v 0.05829000 -0.05829000 0.01165800 0.25882353 0.21176471 0.24313725
v 0.05829000 -0.05829000 0.03497400 0.25882353 0.21176471 0.24313725
v 0.05829000 -0.03497400 0.01165800 0.63921569 0.59215686 0.66274510
v 0.05829000 -0.03497400 0.03497400 0.63921569 0.59215686 0.66274510
v 0.05829000 -0.01165800 0.01165800 0.41960784 0.40000000 0.47058824
v 0.05829000 -0.01165800 0.03497400 0.41960784 0.40000000 0.47058824
v 0.05829000 0.01165800 0.01165800 0.37647059 0.35294118 0.42745098
v 0.05829000 0.01165800 0.03497400 0.37647059 0.35294118 0.42745098
v 0.05829000 0.03497400 0.01165800 0.38431373 0.34901961 0.41960784
v 0.05829000 0.03497400 0.03497400 0.38431373 0.34901961 0.41960784
v 0.05829000 0.05829000 0.01165800 0.35294118 0.28235294 0.35294118
v 0.05829000 0.05829000 0.03497400 0.35294118 0.28235294 0.35294118
v 0.05829000 0.08160600 0.01165800 0.30980392 0.25490196 0.30980392
v 0.05829000 0.08160600 0.03497400 0.30980392 0.25490196 0.30980392
v 0.05829000 0.10492200 0.01165800 0.31372549 0.27843137 0.31372549
v 0.05829000 0.10492200 0.03497400 0.31372549 0.27843137 0.31372549
v 0.05829000 0.12823800 0.01165800 0.45098039 0.44313725 0.51764706
v 0.05829000 0.12823800 0.03497400 0.45098039 0.44313725 0.51764706
v 0.05829000 0.15155400 0.01165800 0.48235294 0.44705882 0.51764706
v 0.05829000 0.15155400 0.03497400 0.48235294 0.44705882 0.51764706
v 0.05829000 0.17487000 0.01165800 0.44313725 0.39215686 0.47843137
v 0.05829000 0.17487000 0.03497400 0.44313725 0.39215686 0.47843137
v 0.05829000 0.19818600 0.01165800 0.45098039 0.36862745 0.43137255
v 0.05829000 0.19818600 0.03497400 0.45098039 0.36862745 0.43137255
v 0.05829000 0.22150200 0.01165800 0.40784314 0.35294118 0.41960784
v 0.05829000 0.22150200 0.03497400 0.40784314 0.35294118 0.41960784
v 0.05829000 0.24481800 0.01165800 0.70980392 0.66666667 0.74117647
v 0.05829000 0.24481800 0.03497400 0.70980392 0.66666667 0.74117647
v 0.03497400 0.26813400 0.01165800 0.70588235 0.65098039 0.73725490
v 0.03497400 0.24481800 0.03497400 0.93333333 0.90588235 0.96470588
v 0.03497400 0.26813400 0.03497400 0.70588235 0.65098039 0.73725490
v 0.03497400 0.29145000 0.01165800 0.83529412 0.82352941 0.86666667
v 0.03497400 0.29145000 0.03497400 0.83529412 0.82352941 0.86666667
v 0.03497400 0.31476600 0.01165800 0.90980392 0.86666667 0.92156863
v 0.03497400 0.31476600 0.03497400 0.90980392 0.86666667 0.92156863
v 0.03497400 0.33808200 0.01165800 0.67843137 0.61960784 0.70588235
v 0.03497400 0.33808200 0.03497400 0.67843137 0.61960784 0.70588235
v -0.03497400 -0.22150200 -0.03497400 0.28235294 0.20784314 0.14509804
v -0.01165800 -0.22150200 -0.03497400 0.22352941 0.17254902 0.12941176
v -0.01165800 -0.22150200 -0.01165800 0.28235294 0.20784314 0.14509804
v 0.01165800 -0.22150200 -0.03497400 0.18823529 0.14509804 0.10980392
v 0.01165800 -0.22150200 -0.01165800 0.22352941 0.17254902 0.12941176
v 0.03497400 -0.22150200 -0.03497400 0.12941176 0.10980392 0.08235294
v -0.01165800 0.31476600 -0.01165800 0.67843137 0.64705882 0.73333333
v -0.01165800 0.31476600 0.01165800 0.67843137 0.65490196 0.72941176
v -0.03497400 -0.22150200 0.03497400 0.17254902 0.10980392 0.03137255
v -0.01165800 -0.22150200 0.01165800 0.27843137 0.19607843 0.14901961
v -0.01165800 -0.22150200 0.03497400 0.27843137 0.19607843 0.14901961
v 0.01165800 -0.22150200 0.01165800 0.21176471 0.17647059 0.11372549
v 0.01165800 -0.22150200 0.03497400 0.21176471 0.17647059 0.11372549
v 0.03497400 -0.22150200 0.03497400 0.19215686 0.14509804 0.12941176
v -0.03497400 0.36139800 -0.03497400 0.81176471 0.75294118 0.84313725
v -0.03497400 0.36139800 -0.01165800 0.79215686 0.75294118 0.83921569
v -0.01165800 0.36139800 -0.03497400 0.66666667 0.62745098 0.72941176
v -0.01165800 0.36139800 -0.01165800 0.73725490 0.68627451 0.80000000
v 0.01165800 0.36139800 -0.03497400 0.64705882 0.61960784 0.70588235
v 0.01165800 0.36139800 -0.01165800 0.84313725 0.81568627 0.86666667
v 0.03497400 0.36139800 -0.03497400 0.68627451 0.66666667 0.74117647
v 0.03497400 0.36139800 -0.01165800 0.81568627 0.78039216 0.81568627
v -0.03497400 0.33808200 0.01165800 0.64705882 0.56862745 0.67058824
v -0.03497400 0.33808200 0.03497400 0.64705882 0.56862745 0.67058824
v -0.01165800 0.33808200 0.01165800 0.64705882 0.61960784 0.70980392
v -0.01165800 0.33808200 0.03497400 0.64705882 0.61960784 0.70980392
v 0.01165800 0.33808200 0.01165800 0.67843137 0.64705882 0.73333333
v 0.01165800 0.33808200 0.03497400 0.67843137 0.64705882 0.73333333
v -0.03497400 -0.19818600 -0.03497400 0.37647059 0.27450980 0.21568627
v -0.01165800 -0.19818600 -0.03497400 0.31372549 0.21568627 0.19215686
v 0.01165800 -0.19818600 -0.03497400 0.14117647 0.10588235 0.08627451
v 0.03497400 -0.19818600 -0.03497400 0.24313725 0.19607843 0.16078431
v -0.03497400 -0.17487000 -0.03497400 0.38823529 0.33333333 0.32156863
v -0.01165800 -0.17487000 -0.03497400 0.35686275 0.28235294 0.28235294
v 0.01165800 -0.17487000 -0.03497400 0.34509804 0.28235294 0.25098039
v 0.03497400 -0.17487000 -0.03497400 0.27450980 0.21960784 0.20784314
v -0.03497400 -0.15155400 -0.03497400 0.45882353 0.37647059 0.38431373
v -0.01165800 -0.15155400 -0.03497400 0.35294118 0.30196078 0.32156863
v 0.01165800 -0.15155400 -0.03497400 0.35294118 0.32549020 0.32156863
v 0.03497400 -0.15155400 -0.03497400 0.29803922 0.24705882 0.24705882
v -0.03497400 -0.12823800 -0.03497400 0.47450980 0.41960784 0.49411765
v -0.01165800 -0.12823800 -0.03497400 0.36470588 0.30588235 0.32156863
v 0.01165800 -0.12823800 -0.03497400 0.37647059 0.32156863 0.30980392
v 0.03497400 -0.12823800 -0.03497400 0.32156863 0.25490196 0.25882353
v -0.03497400 -0.10492200 -0.03497400 0.83921569 0.81176471 0.87058824
v -0.01165800 -0.10492200 -0.03497400 0.41960784 0.38039216 0.42745098
v 0.01165800 -0.10492200 -0.03497400 0.47843137 0.39215686 0.41568627
v 0.03497400 -0.10492200 -0.03497400 0.29019608 0.23529412 0.25882353
v -0.03497400 -0.08160600 -0.03497400 0.74117647 0.70588235 0.79607843
v -0.01165800 -0.08160600 -0.03497400 0.41568627 0.36862745 0.46666667
v 0.01165800 -0.08160600 -0.03497400 0.48627451 0.38823529 0.41960784
v 0.03497400 -0.08160600 -0.03497400 0.26666667 0.20784314 0.23529412
v -0.03497400 -0.05829000 -0.03497400 0.70980392 0.68235294 0.74117647
v -0.01165800 -0.05829000 -0.03497400 0.41960784 0.38039216 0.48627451
v 0.01165800 -0.05829000 -0.03497400 0.45098039 0.40784314 0.48235294
v 0.03497400 -0.05829000 -0.03497400 0.49019608 0.42352941 0.52156863
v -0.03497400 -0.03497400 -0.03497400 0.54509804 0.52156863 0.57647059
v -0.01165800 -0.03497400 -0.03497400 0.41960784 0.38039216 0.49411765
v 0.01165800 -0.03497400 -0.03497400 0.41960784 0.39607843 0.51764706
v 0.03497400 -0.03497400 -0.03497400 0.39607843 0.38039216 0.49411765
v -0.03497400 -0.01165800 -0.03497400 0.50588235 0.48235294 0.53725490
v -0.01165800 -0.01165800 -0.03497400 0.38823529 0.35686275 0.43921569
v 0.01165800 -0.01165800 -0.03497400 0.43137255 0.40784314 0.51372549
v 0.03497400 -0.01165800 -0.03497400 0.37647059 0.34117647 0.43921569
v -0.03497400 0.01165800 -0.03497400 0.41960784 0.38431373 0.41960784
v -0.01165800 0.01165800 -0.03497400 0.37647059 0.34117647 0.38823529
v 0.01165800 0.01165800 -0.03497400 0.42352941 0.40784314 0.52156863
v 0.03497400 0.01165800 -0.03497400 0.36862745 0.32941176 0.41176471
v -0.03497400 0.03497400 -0.03497400 0.49803922 0.47058824 0.52941176
v -0.01165800 0.03497400 -0.03497400 0.34901961 0.31372549 0.34901961
v 0.01165800 0.03497400 -0.03497400 0.44313725 0.37647059 0.47450980
v 0.03497400 0.03497400 -0.03497400 0.35294118 0.29019608 0.35294118
v -0.03497400 0.05829000 -0.03497400 0.65882353 0.65098039 0.69411765
v -0.01165800 0.05829000 -0.03497400 0.38823529 0.36470588 0.41960784
v 0.01165800 0.05829000 -0.03497400 0.77254902 0.67843137 0.80392157
v 0.03497400 0.05829000 -0.03497400 0.32156863 0.27058824 0.32156863
v -0.03497400 0.08160600 -0.03497400 0.61568627 0.60392157 0.64313725
v -0.01165800 0.08160600 -0.03497400 0.41960784 0.38039216 0.44705882
v 0.01165800 0.08160600 -0.03497400 0.84705882 0.76862745 0.90196078
v 0.03497400 0.08160600 -0.03497400 0.32156863 0.27058824 0.32156863
v -0.03497400 0.10492200 -0.03497400 0.42352941 0.40000000 0.45490196
v -0.01165800 0.10492200 -0.03497400 0.43921569 0.40000000 0.49411765
v 0.01165800 0.10492200 -0.03497400 0.70980392 0.65882353 0.79607843
v 0.03497400 0.10492200 -0.03497400 0.43921569 0.41960784 0.50588235
v -0.03497400 0.12823800 -0.03497400 0.40392157 0.36470588 0.41176471
v -0.01165800 0.12823800 -0.03497400 0.45098039 0.41568627 0.50980392
v 0.01165800 0.12823800 -0.03497400 0.83921569 0.82745098 0.87058824
v 0.03497400 0.12823800 -0.03497400 0.46274510 0.43137255 0.52549020
v -0.03497400 0.15155400 -0.03497400 0.38039216 0.34117647 0.37647059
v -0.01165800 0.15155400 -0.03497400 0.49411765 0.46274510 0.56078431
v 0.01165800 0.15155400 -0.03497400 0.85882353 0.81176471 0.87058824
v 0.03497400 0.15155400 -0.03497400 0.45882353 0.40784314 0.50196078
v -0.03497400 0.17487000 -0.03497400 0.42745098 0.37254902 0.39607843
v -0.01165800 0.17487000 -0.03497400 0.54901961 0.52549020 0.61176471
v 0.01165800 0.17487000 -0.03497400 0.84705882 0.83529412 0.87058824
v 0.03497400 0.17487000 -0.03497400 0.47843137 0.39607843 0.47843137
v -0.03497400 0.19818600 -0.03497400 0.49803922 0.45490196 0.52156863
v -0.01165800 0.19818600 -0.03497400 0.56862745 0.56470588 0.62352941
v 0.01165800 0.19818600 -0.03497400 0.83921569 0.78039216 0.87058824
v 0.03497400 0.19818600 -0.03497400 0.43921569 0.35294118 0.41960784
v -0.03497400 0.22150200 -0.03497400 0.67843137 0.66666667 0.70980392
v -0.01165800 0.22150200 -0.03497400 0.61176471 0.57254902 0.65098039
v 0.01165800 0.22150200 -0.03497400 0.93333333 0.90588235 0.96470588
v 0.03497400 0.22150200 -0.03497400 0.70980392 0.66666667 0.71372549
v -0.03497400 0.24481800 -0.03497400 0.62352941 0.62352941 0.67843137
v -0.01165800 0.24481800 -0.03497400 0.67058824 0.64705882 0.72941176
v 0.01165800 0.24481800 -0.03497400 0.69803922 0.65490196 0.72941176
v -0.03497400 0.26813400 -0.03497400 0.63137255 0.59607843 0.66666667
v -0.01165800 0.26813400 -0.03497400 0.65490196 0.63921569 0.70980392
v 0.01165800 0.26813400 -0.03497400 0.69019608 0.65098039 0.72156863
v -0.03497400 0.29145000 -0.03497400 0.60392157 0.54901961 0.62745098
v -0.01165800 0.29145000 -0.03497400 0.65490196 0.61960784 0.70980392
v 0.01165800 0.29145000 -0.03497400 0.67843137 0.61960784 0.70980392
v -0.03497400 0.31476600 -0.03497400 0.64705882 0.61960784 0.70980392
v -0.01165800 0.31476600 -0.03497400 0.67843137 0.64705882 0.73333333
v 0.01165800 0.31476600 -0.03497400 0.65098039 0.60784314 0.70980392
v -0.03497400 0.33808200 -0.03497400 0.66666667 0.62745098 0.72941176
v -0.01165800 0.33808200 -0.03497400 0.64705882 0.61960784 0.70588235
v 0.01165800 0.33808200 -0.03497400 0.68627451 0.66666667 0.74117647
v 0.03497400 0.33808200 -0.03497400 0.91764706 0.89019608 0.93725490
v 0.05829000 0.26813400 -0.01165800 0.81960784 0.77254902 0.83137255
v 0.05829000 0.29145000 -0.01165800 0.83921569 0.75686275 0.85098039
v -0.05829000 0.38471400 -0.01165800 0.69411765 0.66666667 0.71372549
v -0.03497400 0.38471400 -0.01165800 0.97647059 0.94509804 0.98823529
v -0.01165800 0.38471400 -0.01165800 0.74117647 0.69019608 0.80392157
v 0.01165800 0.38471400 -0.01165800 0.92549020 0.91764706 0.95686275
v 0.03497400 0.38471400 -0.01165800 0.78431373 0.75686275 0.80784314
v 0.05829000 0.38471400 -0.01165800 0.92941176 0.89803922 0.96078431
v -0.03497400 0.40803000 -0.01165800 0.77647059 0.73725490 0.80784314
v -0.01165800 0.40803000 -0.01165800 0.94509804 0.91372549 0.96078431
v 0.01165800 0.40803000 -0.01165800 0.80784314 0.76862745 0.83921569
v 0.03497400 0.40803000 -0.01165800 0.81568627 0.77254902 0.84705882
v -0.03497400 0.43134600 -0.01165800 0.78431373 0.73725490 0.81568627
v -0.01165800 0.43134600 -0.01165800 0.80784314 0.76470588 0.83921569
v 0.01165800 0.43134600 -0.01165800 0.82745098 0.78823529 0.85882353
v -0.01165800 0.45466200 -0.01165800 0.87058824 0.82745098 0.90588235
v 0.01165800 0.45466200 -0.01165800 0.87450980 0.83921569 0.90980392
v -0.01165800 -0.19818600 0.01165800 0.31372549 0.21568627 0.19215686
v 0.01165800 -0.19818600 0.01165800 0.32549020 0.25882353 0.19607843
v -0.01165800 -0.17487000 0.01165800 0.33333333 0.25490196 0.24705882
v 0.01165800 -0.17487000 0.01165800 0.35686275 0.29411765 0.26274510
v -0.01165800 -0.15155400 0.01165800 0.38823529 0.30588235 0.29803922
v 0.01165800 -0.15155400 0.01165800 0.39215686 0.32549020 0.31372549
v -0.01165800 -0.12823800 0.01165800 0.43529412 0.37254902 0.40392157
v 0.01165800 -0.12823800 0.01165800 0.37254902 0.30588235 0.30588235
v -0.01165800 -0.10492200 0.01165800 0.41568627 0.38039216 0.41960784
v 0.01165800 -0.10492200 0.01165800 0.47843137 0.39215686 0.41568627
v -0.01165800 -0.08160600 0.01165800 0.39607843 0.35686275 0.42745098
v 0.01165800 -0.08160600 0.01165800 0.48627451 0.38823529 0.41960784
v -0.01165800 -0.05829000 0.01165800 0.41960784 0.37254902 0.48235294
v 0.01165800 -0.05829000 0.01165800 0.38823529 0.38039216 0.47058824
v -0.01165800 -0.03497400 0.01165800 0.41960784 0.38039216 0.49411765
v 0.01165800 -0.03497400 0.01165800 0.38823529 0.37647059 0.47058824
v -0.01165800 -0.01165800 0.01165800 0.38823529 0.35686275 0.43137255
v 0.01165800 -0.01165800 0.01165800 0.41176471 0.38431373 0.47450980
v -0.01165800 0.01165800 0.01165800 0.41960784 0.38431373 0.47058824
v 0.01165800 0.01165800 0.01165800 0.45098039 0.42352941 0.50980392
v -0.01165800 0.03497400 0.01165800 0.45098039 0.41568627 0.51764706
v 0.01165800 0.03497400 0.01165800 0.40000000 0.32941176 0.40000000
v -0.01165800 0.05829000 0.01165800 0.38823529 0.36470588 0.41960784
v 0.01165800 0.05829000 0.01165800 0.77254902 0.67843137 0.80392157
v -0.01165800 0.08160600 0.01165800 0.40000000 0.37254902 0.43529412
v 0.01165800 0.08160600 0.01165800 0.84705882 0.76862745 0.90196078
v -0.01165800 0.10492200 0.01165800 0.42352941 0.38823529 0.47058824
v 0.01165800 0.10492200 0.01165800 0.80784314 0.79607843 0.83921569
v -0.01165800 0.12823800 0.01165800 0.45098039 0.41568627 0.50980392
v 0.01165800 0.12823800 0.01165800 0.83921569 0.84313725 0.87058824
v -0.01165800 0.15155400 0.01165800 0.49411765 0.44705882 0.56862745
v 0.01165800 0.15155400 0.01165800 0.83529412 0.80784314 0.86666667
v -0.01165800 0.17487000 0.01165800 0.54901961 0.49803922 0.60000000
v 0.01165800 0.17487000 0.01165800 0.83529412 0.81176471 0.86666667
v -0.01165800 0.19818600 0.01165800 0.58823529 0.56078431 0.64705882
v 0.01165800 0.19818600 0.01165800 0.94901961 0.91764706 0.98039216
v -0.01165800 0.22150200 0.01165800 0.63921569 0.61568627 0.69411765
v 0.01165800 0.22150200 0.01165800 0.93333333 0.90588235 0.96470588
v -0.01165800 0.24481800 0.01165800 0.67058824 0.64705882 0.72941176
v -0.01165800 0.26813400 0.01165800 0.68235294 0.65490196 0.73725490
v -0.01165800 0.29145000 0.01165800 0.65490196 0.61960784 0.70980392
v -0.01165800 -0.19818600 -0.01165800 0.28235294 0.20784314 0.14509804
v 0.01165800 -0.19818600 -0.01165800 0.22352941 0.17254902 0.12941176
v -0.01165800 -0.17487000 -0.01165800 0.37647059 0.27450980 0.21568627
v 0.01165800 -0.17487000 -0.01165800 0.31372549 0.21568627 0.19215686
v -0.01165800 -0.15155400 -0.01165800 0.38823529 0.33333333 0.32156863
v 0.01165800 -0.15155400 -0.01165800 0.35686275 0.28235294 0.28235294
v -0.01165800 -0.12823800 -0.01165800 0.45882353 0.37647059 0.38431373
v 0.01165800 -0.12823800 -0.01165800 0.35294118 0.30196078 0.32156863
v -0.01165800 -0.10492200 -0.01165800 0.47450980 0.41960784 0.49411765
v 0.01165800 -0.10492200 -0.01165800 0.36470588 0.30588235 0.32156863
v -0.01165800 -0.08160600 -0.01165800 0.83921569 0.81176471 0.87058824
v 0.01165800 -0.08160600 -0.01165800 0.41960784 0.38039216 0.42745098
v -0.01165800 -0.05829000 -0.01165800 0.74117647 0.70588235 0.79607843
v 0.01165800 -0.05829000 -0.01165800 0.41568627 0.36862745 0.46666667
v -0.01165800 -0.03497400 -0.01165800 0.70980392 0.68235294 0.74117647
v 0.01165800 -0.03497400 -0.01165800 0.41960784 0.38039216 0.48627451
v -0.01165800 -0.01165800 -0.01165800 0.54509804 0.52156863 0.57647059
v 0.01165800 -0.01165800 -0.01165800 0.41960784 0.38039216 0.49411765
v -0.01165800 0.01165800 -0.01165800 0.50588235 0.48235294 0.53725490
v 0.01165800 0.01165800 -0.01165800 0.38823529 0.35686275 0.43921569
v -0.01165800 0.03497400 -0.01165800 0.41960784 0.38431373 0.41960784
v 0.01165800 0.03497400 -0.01165800 0.37647059 0.34117647 0.38823529
v -0.01165800 0.05829000 -0.01165800 0.49803922 0.47058824 0.52941176
v 0.01165800 0.05829000 -0.01165800 0.34901961 0.31372549 0.34901961
v -0.01165800 0.08160600 -0.01165800 0.65882353 0.65098039 0.69411765
v 0.01165800 0.08160600 -0.01165800 0.38823529 0.36470588 0.41960784
v -0.01165800 0.10492200 -0.01165800 0.61568627 0.60392157 0.64313725
v 0.01165800 0.10492200 -0.01165800 0.41960784 0.38039216 0.44705882
v -0.01165800 0.12823800 -0.01165800 0.42352941 0.40000000 0.45490196
v 0.01165800 0.12823800 -0.01165800 0.43921569 0.40000000 0.49411765
v -0.01165800 0.15155400 -0.01165800 0.40392157 0.36470588 0.41176471
v 0.01165800 0.15155400 -0.01165800 0.45098039 0.41568627 0.50980392
v -0.01165800 0.17487000 -0.01165800 0.38039216 0.34117647 0.37647059
v 0.01165800 0.17487000 -0.01165800 0.49411765 0.46274510 0.56078431
v -0.01165800 0.19818600 -0.01165800 0.42745098 0.37254902 0.39607843
v 0.01165800 0.19818600 -0.01165800 0.54901961 0.52549020 0.61176471
v -0.01165800 0.22150200 -0.01165800 0.49803922 0.45490196 0.52156863
v 0.01165800 0.22150200 -0.01165800 0.56862745 0.56470588 0.62352941
v -0.01165800 0.24481800 -0.01165800 0.67843137 0.66666667 0.70980392
v -0.01165800 0.26813400 -0.01165800 0.62352941 0.62352941 0.67843137
v -0.01165800 0.29145000 -0.01165800 0.63137255 0.59607843 0.66666667
v 0.05829000 0.26813400 0.01165800 0.64705882 0.63529412 0.70980392
v -0.05829000 0.29145000 0.01165800 0.45098039 0.42745098 0.49411765
v 0.05829000 0.29145000 0.01165800 0.60000000 0.52941176 0.60000000
v 0.05829000 0.31476600 0.01165800 0.54901961 0.42745098 0.55294118
v 0.05829000 0.33808200 0.01165800 0.58823529 0.47058824 0.58823529
v -0.05829000 0.36139800 0.01165800 0.69019608 0.64705882 0.69019608
v -0.03497400 0.36139800 0.01165800 0.53333333 0.44313725 0.53333333
v -0.01165800 0.36139800 0.01165800 0.65490196 0.62745098 0.71764706
v 0.01165800 0.36139800 0.01165800 0.63529412 0.60392157 0.69803922
v 0.03497400 0.36139800 0.01165800 0.96862745 0.95294118 0.96862745
v 0.05829000 0.36139800 0.01165800 0.69803922 0.58039216 0.67058824
v -0.05829000 0.38471400 0.01165800 0.75294118 0.73333333 0.77647059
v -0.03497400 0.38471400 0.01165800 0.73333333 0.70980392 0.76862745
v -0.01165800 0.38471400 0.01165800 0.79215686 0.75294118 0.83921569
v 0.01165800 0.38471400 0.01165800 0.73725490 0.68627451 0.80000000
v 0.03497400 0.38471400 0.01165800 0.84313725 0.81568627 0.86666667
v 0.05829000 0.38471400 0.01165800 0.81568627 0.78039216 0.81568627
v -0.03497400 0.40803000 0.01165800 0.69411765 0.66666667 0.71372549
v -0.01165800 0.40803000 0.01165800 0.97647059 0.94509804 0.98823529
v 0.01165800 0.40803000 0.01165800 0.74117647 0.69019608 0.80392157
v 0.03497400 0.40803000 0.01165800 0.92549020 0.91764706 0.95686275
v -0.03497400 0.43134600 0.01165800 0.74901961 0.72156863 0.78431373
v -0.01165800 0.43134600 0.01165800 0.77647059 0.73725490 0.80784314
v 0.01165800 0.43134600 0.01165800 0.94509804 0.91372549 0.96078431
v -0.01165800 0.45466200 0.01165800 0.78431373 0.73725490 0.81568627
v 0.01165800 0.45466200 0.01165800 0.80784314 0.76470588 0.83921569
v -0.03497400 -0.19818600 0.03497400 0.37647059 0.27450980 0.21568627
v -0.01165800 -0.19818600 0.03497400 0.31372549 0.21568627 0.19215686
v 0.01165800 -0.19818600 0.03497400 0.32549020 0.25882353 0.19607843
v 0.03497400 -0.19818600 0.03497400 0.25882353 0.20392157 0.18039216
v -0.03497400 -0.17487000 0.03497400 0.39607843 0.33725490 0.29411765
v -0.01165800 -0.17487000 0.03497400 0.33333333 0.25490196 0.24705882
v 0.01165800 -0.17487000 0.03497400 0.35686275 0.29411765 0.26274510
v 0.03497400 -0.17487000 0.03497400 0.28627451 0.23529412 0.21176471
v -0.03497400 -0.15155400 0.03497400 0.46274510 0.38823529 0.39607843
v -0.01165800 -0.15155400 0.03497400 0.38823529 0.30588235 0.29803922
v 0.01165800 -0.15155400 0.03497400 0.39215686 0.32549020 0.31372549
v 0.03497400 -0.15155400 0.03497400 0.30588235 0.26274510 0.25882353
v -0.03497400 -0.12823800 0.03497400 0.52549020 0.42352941 0.48627451
v -0.01165800 -0.12823800 0.03497400 0.43529412 0.37254902 0.40392157
v 0.01165800 -0.12823800 0.03497400 0.37254902 0.30588235 0.30588235
v 0.03497400 -0.12823800 0.03497400 0.32156863 0.25490196 0.25882353
v -0.03497400 -0.10492200 0.03497400 0.83921569 0.81176471 0.87058824
v -0.01165800 -0.10492200 0.03497400 0.41568627 0.38039216 0.41960784
v 0.01165800 -0.10492200 0.03497400 0.47843137 0.39215686 0.41568627
v 0.03497400 -0.10492200 0.03497400 0.29019608 0.23529412 0.25882353
v -0.03497400 -0.08160600 0.03497400 0.82745098 0.80000000 0.85882353
v -0.01165800 -0.08160600 0.03497400 0.39607843 0.35686275 0.42745098
v 0.01165800 -0.08160600 0.03497400 0.48627451 0.38823529 0.41960784
v 0.03497400 -0.08160600 0.03497400 0.26666667 0.20784314 0.23529412
v -0.03497400 -0.05829000 0.03497400 0.78039216 0.74509804 0.83921569
v -0.01165800 -0.05829000 0.03497400 0.41960784 0.37254902 0.48235294
v 0.01165800 -0.05829000 0.03497400 0.38823529 0.38039216 0.47058824
v 0.03497400 -0.05829000 0.03497400 0.39215686 0.38431373 0.47450980
v -0.03497400 -0.03497400 0.03497400 0.73333333 0.70980392 0.79607843
v -0.01165800 -0.03497400 0.03497400 0.41960784 0.38039216 0.49411765
v 0.01165800 -0.03497400 0.03497400 0.38823529 0.37647059 0.47058824
v 0.03497400 -0.03497400 0.03497400 0.40392157 0.38039216 0.48235294
v -0.03497400 -0.01165800 0.03497400 0.46274510 0.45490196 0.52549020
v -0.01165800 -0.01165800 0.03497400 0.38823529 0.35686275 0.43137255
v 0.01165800 -0.01165800 0.03497400 0.41176471 0.38431373 0.47450980
v 0.03497400 -0.01165800 0.03497400 0.36470588 0.33333333 0.39607843
v -0.03497400 0.01165800 0.03497400 0.56470588 0.55686275 0.60392157
v -0.01165800 0.01165800 0.03497400 0.41960784 0.38431373 0.47058824
v 0.01165800 0.01165800 0.03497400 0.45098039 0.42352941 0.50980392
v 0.03497400 0.01165800 0.03497400 0.38823529 0.35294118 0.42745098
v -0.03497400 0.03497400 0.03497400 0.37647059 0.35686275 0.40784314
v -0.01165800 0.03497400 0.03497400 0.45098039 0.41568627 0.51764706
v 0.01165800 0.03497400 0.03497400 0.40000000 0.32941176 0.40000000
v 0.03497400 0.03497400 0.03497400 0.35294118 0.30196078 0.35294118
v -0.03497400 0.05829000 0.03497400 0.65882353 0.65098039 0.69411765
v -0.01165800 0.05829000 0.03497400 0.38823529 0.36470588 0.41960784
v 0.01165800 0.05829000 0.03497400 0.77254902 0.67843137 0.80392157
v 0.03497400 0.05829000 0.03497400 0.32156863 0.27058824 0.32156863
v -0.03497400 0.08160600 0.03497400 0.55294118 0.52156863 0.58431373
v -0.01165800 0.08160600 0.03497400 0.40000000 0.37254902 0.43529412
v 0.01165800 0.08160600 0.03497400 0.84705882 0.76862745 0.90196078
v 0.03497400 0.08160600 0.03497400 0.50980392 0.43921569 0.51372549
v -0.03497400 0.10492200 0.03497400 0.29803922 0.28235294 0.30196078
v -0.01165800 0.10492200 0.03497400 0.42352941 0.38823529 0.47058824
v 0.01165800 0.10492200 0.03497400 0.80784314 0.79607843 0.83921569
v 0.03497400 0.10492200 0.03497400 0.45098039 0.42745098 0.51764706
v -0.03497400 0.12823800 0.03497400 0.41568627 0.36470588 0.41960784
v -0.01165800 0.12823800 0.03497400 0.45098039 0.41568627 0.50980392
v 0.01165800 0.12823800 0.03497400 0.83921569 0.84313725 0.87058824
v 0.03497400 0.12823800 0.03497400 0.55686275 0.51764706 0.62352941
v -0.03497400 0.15155400 0.03497400 0.40000000 0.36078431 0.40000000
v -0.01165800 0.15155400 0.03497400 0.49411765 0.44705882 0.56862745
v 0.01165800 0.15155400 0.03497400 0.83529412 0.80784314 0.86666667
v 0.03497400 0.15155400 0.03497400 0.49803922 0.43529412 0.50196078
v -0.03497400 0.17487000 0.03497400 0.36862745 0.34509804 0.35686275
v -0.01165800 0.17487000 0.03497400 0.54901961 0.49803922 0.60000000
v 0.01165800 0.17487000 0.03497400 0.83529412 0.81176471 0.86666667
v 0.03497400 0.17487000 0.03497400 0.57254902 0.48235294 0.56862745
v -0.03497400 0.19818600 0.03497400 0.50196078 0.45098039 0.48235294
v -0.01165800 0.19818600 0.03497400 0.58823529 0.56078431 0.64705882
v 0.01165800 0.19818600 0.03497400 0.94901961 0.91764706 0.98039216
v 0.03497400 0.19818600 0.03497400 0.50588235 0.38823529 0.47058824
v -0.03497400 0.22150200 0.03497400 0.67843137 0.66666667 0.70980392
v -0.01165800 0.22150200 0.03497400 0.63921569 0.61568627 0.69411765
v 0.01165800 0.22150200 0.03497400 0.93333333 0.90588235 0.96470588
v 0.03497400 0.22150200 0.03497400 0.69019608 0.65098039 0.72549020
v -0.03497400 0.24481800 0.03497400 0.62352941 0.62352941 0.67843137
v -0.01165800 0.24481800 0.03497400 0.67058824 0.64705882 0.72941176
v 0.01165800 0.24481800 0.03497400 0.65098039 0.60784314 0.67843137
v -0.01165800 0.26813400 0.03497400 0.68235294 0.65490196 0.73725490
v 0.01165800 0.26813400 0.03497400 0.63137255 0.58823529 0.65882353
v -0.01165800 0.29145000 0.03497400 0.65490196 0.61960784 0.70980392
v 0.01165800 0.29145000 0.03497400 0.67843137 0.61960784 0.70980392
v -0.01165800 0.31476600 0.03497400 0.67843137 0.65490196 0.72941176
v 0.01165800 0.31476600 0.03497400 0.65098039 0.60784314 0.70980392
v -0.10492200 -0.29145000 -0.05829000 0.66274510 0.34901961 0.07843137
v -0.10492200 -0.26813400 -0.05829000 0.66274510 0.34901961 0.07843137
v -0.10492200 -0.29145000 -0.03497400 0.66274510 0.34901961 0.07843137
v -0.10492200 -0.26813400 -0.03497400 0.66274510 0.34901961 0.07843137
v -0.08160600 -0.26813400 -0.05829000 0.66666667 0.43137255 0.14901961
v -0.08160600 -0.24481800 -0.05829000 0.58823529 0.38039216 0.08627451
v -0.08160600 -0.26813400 -0.03497400 0.66666667 0.43137255 0.14901961
v -0.08160600 -0.24481800 -0.03497400 0.58823529 0.38039216 0.08627451
v -0.10492200 -0.24481800 -0.05829000 0.74117647 0.55686275 0.09411765
v -0.10492200 -0.22150200 -0.05829000 0.74117647 0.55686275 0.09411765
v -0.10492200 -0.24481800 -0.03497400 0.74117647 0.55686275 0.09411765
v -0.10492200 -0.22150200 -0.03497400 0.74117647 0.55686275 0.09411765
v -0.01165800 -0.50129400 -0.03497400 0.67843137 0.49019608 0.06274510
v -0.01165800 -0.47797800 -0.03497400 0.67843137 0.49019608 0.06274510
v -0.01165800 -0.50129400 -0.01165800 0.47450980 0.15686275 0.00000000
v -0.01165800 -0.47797800 -0.01165800 0.60000000 0.30980392 0.03137255
v -0.03497400 -0.47797800 -0.03497400 0.67843137 0.49019608 0.06274510
v -0.03497400 -0.45466200 -0.03497400 0.67843137 0.49019608 0.06274510
v -0.03497400 -0.47797800 -0.01165800 0.57254902 0.27450980 0.06274510
v -0.03497400 -0.45466200 -0.01165800 0.67843137 0.49019608 0.06274510
v -0.01165800 -0.45466200 -0.03497400 0.67843137 0.49019608 0.06274510
v -0.01165800 -0.43134600 -0.03497400 0.81960784 0.60000000 0.12941176
v -0.01165800 -0.45466200 -0.01165800 0.61176471 0.36078431 0.06274510
v -0.01165800 -0.43134600 -0.01165800 0.14117647 0.07058824 0.03529412
v -0.10492200 -0.29145000 -0.01165800 0.50588235 0.29411765 0.03137255
v -0.10492200 -0.26813400 -0.01165800 0.41568627 0.20000000 0.03137255
v -0.10492200 -0.24481800 -0.01165800 0.64705882 0.49411765 0.09411765
v 0.08160600 -0.26813400 -0.03497400 0.75686275 0.53725490 0.12941176
v 0.08160600 -0.24481800 -0.03497400 0.70980392 0.57254902 0.12941176
v 0.08160600 -0.26813400 -0.01165800 0.41960784 0.25098039 0.01960784
v 0.08160600 -0.24481800 -0.01165800 0.61176471 0.46274510 0.13725490
v -0.10492200 -0.22150200 -0.01165800 0.64705882 0.49411765 0.09411765
v -0.01165800 -0.50129400 0.01165800 0.58039216 0.25882353 0.00000000
v -0.01165800 -0.47797800 0.01165800 0.87058824 0.70196078 0.20000000
v -0.03497400 -0.47797800 0.01165800 0.60000000 0.35294118 0.03137255
v -0.03497400 -0.45466200 0.01165800 0.57254902 0.27450980 0.06274510
v -0.01165800 -0.45466200 0.01165800 0.87058824 0.70196078 0.20000000
v -0.01165800 -0.43134600 0.01165800 0.61176471 0.36078431 0.06274510
v -0.01165800 -0.40803000 -0.01165800 0.12941176 0.05098039 0.03137255
v -0.01165800 -0.40803000 0.01165800 0.14117647 0.07058824 0.03529412
v -0.01165800 -0.38471400 -0.01165800 0.21176471 0.11764706 0.06274510
v -0.01165800 -0.38471400 0.01165800 0.12941176 0.05098039 0.03137255
v -0.01165800 -0.36139800 -0.01165800 0.13333333 0.05098039 0.03137255
v -0.01165800 -0.36139800 0.01165800 0.21176471 0.11764706 0.06274510
v -0.01165800 -0.33808200 -0.01165800 0.19607843 0.10980392 0.03921569
v -0.01165800 -0.33808200 0.01165800 0.13333333 0.05098039 0.03137255
v -0.01165800 -0.31476600 -0.01165800 0.11764706 0.04705882 0.01960784
v -0.01165800 -0.31476600 0.01165800 0.31372549 0.19607843 0.05882353
v -0.01165800 -0.29145000 -0.01165800 0.06274510 0.00000000 0.00000000
v -0.01165800 -0.29145000 0.01165800 0.25882353 0.15686275 0.03137255
v -0.12823800 -0.29145000 -0.01165800 0.41568627 0.20000000 0.03137255
v -0.12823800 -0.26813400 -0.01165800 0.54901961 0.27058824 0.06274510
v -0.12823800 -0.29145000 0.01165800 0.41568627 0.20000000 0.03137255
v -0.12823800 -0.26813400 0.01165800 0.41568627 0.20000000 0.03137255
v -0.12823800 -0.24481800 -0.01165800 0.64705882 0.45882353 0.12941176
v -0.12823800 -0.24481800 0.01165800 0.54901961 0.27058824 0.06274510
v 0.10492200 -0.26813400 -0.01165800 0.66666667 0.52941176 0.12941176
v 0.10492200 -0.24481800 -0.01165800 0.66666667 0.55294118 0.27450980
v 0.10492200 -0.26813400 0.01165800 0.27450980 0.15294118 0.00392157
v 0.10492200 -0.24481800 0.01165800 0.77647059 0.67058824 0.20000000
v -0.12823800 -0.22150200 -0.01165800 0.64705882 0.45882353 0.12941176
v -0.12823800 -0.22150200 0.01165800 0.54901961 0.27058824 0.06274510
v -0.01165800 -0.50129400 0.03497400 0.60000000 0.35294118 0.03137255
v -0.01165800 -0.47797800 0.03497400 0.60000000 0.35294118 0.03137255
v -0.03497400 -0.47797800 0.03497400 0.60000000 0.35294118 0.03137255
v -0.03497400 -0.45466200 0.03497400 0.60000000 0.35294118 0.03137255
v -0.01165800 -0.45466200 0.03497400 0.60000000 0.35294118 0.03137255
v -0.01165800 -0.43134600 0.03497400 0.87058824 0.70196078 0.20000000
v -0.10492200 -0.29145000 0.01165800 0.51764706 0.30588235 0.03137255
v -0.10492200 -0.26813400 0.01165800 0.61176471 0.30588235 0.06274510
v -0.10492200 -0.29145000 0.03497400 0.66274510 0.34901961 0.07843137
v -0.10492200 -0.26813400 0.03497400 0.51764706 0.30588235 0.03137255
v -0.10492200 -0.24481800 0.01165800 0.72156863 0.51764706 0.11372549
v -0.10492200 -0.24481800 0.03497400 0.74117647 0.55686275 0.09411765
v 0.08160600 -0.26813400 0.01165800 0.77647059 0.67058824 0.20000000
v 0.08160600 -0.24481800 0.01165800 0.70196078 0.54509804 0.25098039
v 0.08160600 -0.26813400 0.03497400 0.41960784 0.25098039 0.01960784
v 0.08160600 -0.24481800 0.03497400 0.73725490 0.62745098 0.21568627
v -0.10492200 -0.22150200 0.01165800 0.72156863 0.51764706 0.11372549
v -0.10492200 -0.22150200 0.03497400 0.74117647 0.55686275 0.09411765
v -0.10492200 -0.29145000 0.05829000 0.66274510 0.34901961 0.07843137
v -0.10492200 -0.26813400 0.05829000 0.51764706 0.30588235 0.03137255
v -0.08160600 -0.26813400 0.03497400 0.56470588 0.34117647 0.08627451
v -0.08160600 -0.24481800 0.03497400 0.68235294 0.46666667 0.10196078
v -0.08160600 -0.26813400 0.05829000 0.56470588 0.34117647 0.08627451
v -0.08160600 -0.24481800 0.05829000 0.68235294 0.46666667 0.10196078
v -0.10492200 -0.24481800 0.05829000 0.74117647 0.55686275 0.09411765
v -0.10492200 -0.22150200 0.05829000 0.74117647 0.55686275 0.09411765
v 0.08160600 -0.29145000 -0.05829000 0.75686275 0.53725490 0.12941176
v 0.08160600 -0.26813400 -0.05829000 0.75686275 0.53725490 0.12941176
v 0.08160600 -0.29145000 -0.03497400 0.75686275 0.53725490 0.12941176
v 0.08160600 -0.24481800 -0.05829000 0.70980392 0.57254902 0.12941176
v 0.08160600 -0.22150200 -0.05829000 0.70980392 0.57254902 0.12941176
v 0.08160600 -0.22150200 -0.03497400 0.70980392 0.57254902 0.12941176
v 0.01165800 -0.50129400 -0.03497400 0.54509804 0.20392157 0.00000000
v 0.01165800 -0.47797800 -0.03497400 0.54509804 0.20392157 0.00000000
v 0.01165800 -0.50129400 -0.01165800 0.54509804 0.20392157 0.00000000
v 0.01165800 -0.47797800 -0.01165800 0.64313725 0.38431373 0.05098039
v 0.03497400 -0.47797800 -0.03497400 0.73725490 0.56862745 0.12549020
v 0.03497400 -0.45466200 -0.03497400 0.73725490 0.56862745 0.12549020
v 0.03497400 -0.47797800 -0.01165800 0.73725490 0.56862745 0.12549020
v 0.03497400 -0.45466200 -0.01165800 0.73725490 0.56862745 0.12549020
v 0.01165800 -0.45466200 -0.03497400 0.54509804 0.20392157 0.00000000
v 0.01165800 -0.43134600 -0.03497400 0.81960784 0.60000000 0.12941176
v 0.01165800 -0.45466200 -0.01165800 0.54509804 0.20392157 0.00000000
v 0.01165800 -0.43134600 -0.01165800 0.81960784 0.60000000 0.12941176
v 0.10492200 -0.29145000 -0.03497400 0.70980392 0.54117647 0.23921569
v 0.10492200 -0.26813400 -0.03497400 0.70980392 0.54117647 0.23921569
v 0.10492200 -0.29145000 -0.01165800 0.69019608 0.56862745 0.23529412
v -0.08160600 -0.26813400 -0.01165800 0.51764706 0.31764706 0.03137255
v -0.08160600 -0.24481800 -0.01165800 0.60784314 0.42352941 0.09803922
v 0.10492200 -0.24481800 -0.03497400 0.77647059 0.67058824 0.20000000
v 0.10492200 -0.22150200 -0.03497400 0.77647059 0.67058824 0.20000000
v 0.10492200 -0.22150200 -0.01165800 0.66666667 0.55294118 0.27450980
v 0.01165800 -0.50129400 0.01165800 0.47450980 0.15686275 0.00000000
v 0.01165800 -0.47797800 0.01165800 0.73725490 0.56862745 0.12549020
v 0.03497400 -0.47797800 0.01165800 0.64313725 0.38431373 0.05098039
v 0.03497400 -0.45466200 0.01165800 0.64313725 0.38431373 0.05098039
v 0.01165800 -0.45466200 0.01165800 0.60000000 0.30980392 0.03137255
v 0.01165800 -0.43134600 0.01165800 0.61176471 0.36078431 0.06274510
v 0.01165800 -0.40803000 -0.01165800 0.14117647 0.07058824 0.03529412
v 0.01165800 -0.40803000 0.01165800 0.14117647 0.07058824 0.03529412
v 0.01165800 -0.38471400 -0.01165800 0.12941176 0.05098039 0.03137255
v 0.01165800 -0.38471400 0.01165800 0.12941176 0.05098039 0.03137255
v 0.01165800 -0.36139800 -0.01165800 0.21176471 0.11764706 0.06274510
v 0.01165800 -0.36139800 0.01165800 0.21176471 0.11764706 0.06274510
v 0.01165800 -0.33808200 -0.01165800 0.13333333 0.05098039 0.03137255
v 0.01165800 -0.33808200 0.01165800 0.13333333 0.05098039 0.03137255
v 0.01165800 -0.31476600 -0.01165800 0.19607843 0.10980392 0.03921569
v 0.01165800 -0.31476600 0.01165800 0.19607843 0.10980392 0.03921569
v 0.01165800 -0.29145000 -0.01165800 0.35294118 0.24313725 0.08627451
v 0.01165800 -0.29145000 0.01165800 0.52549020 0.30196078 0.06274510
v 0.12823800 -0.29145000 -0.01165800 0.69019608 0.56862745 0.23529412
v 0.12823800 -0.26813400 -0.01165800 0.66666667 0.52941176 0.12941176
v 0.12823800 -0.29145000 0.01165800 0.27450980 0.15294118 0.00392157
v 0.12823800 -0.26813400 0.01165800 0.27450980 0.15294118 0.00392157
v 0.12823800 -0.24481800 -0.01165800 0.66666667 0.55294118 0.27450980
v 0.12823800 -0.24481800 0.01165800 0.77647059 0.67058824 0.20000000
v 0.12823800 -0.22150200 -0.01165800 0.66666667 0.55294118 0.27450980
v 0.12823800 -0.22150200 0.01165800 0.77647059 0.67058824 0.20000000
v 0.01165800 -0.50129400 0.03497400 0.58039216 0.25882353 0.00000000
v 0.01165800 -0.47797800 0.03497400 0.58039216 0.25882353 0.00000000
v 0.03497400 -0.47797800 0.03497400 0.73725490 0.56862745 0.12549020
v 0.03497400 -0.45466200 0.03497400 0.73725490 0.56862745 0.12549020
v 0.01165800 -0.45466200 0.03497400 0.87058824 0.70196078 0.20000000
v 0.01165800 -0.43134600 0.03497400 0.87058824 0.70196078 0.20000000
v 0.10492200 -0.29145000 0.01165800 0.27450980 0.15294118 0.00392157
v 0.10492200 -0.29145000 0.03497400 0.70980392 0.54117647 0.23921569
v 0.10492200 -0.26813400 0.03497400 0.70980392 0.54117647 0.23921569
v -0.08160600 -0.26813400 0.01165800 0.50588235 0.29411765 0.03137255
v -0.08160600 -0.24481800 0.01165800 0.64705882 0.50980392 0.12941176
v 0.10492200 -0.24481800 0.03497400 0.77647059 0.67058824 0.20000000
v 0.10492200 -0.22150200 0.01165800 0.77647059 0.67058824 0.20000000
v 0.10492200 -0.22150200 0.03497400 0.77647059 0.67058824 0.20000000
v 0.08160600 -0.29145000 0.03497400 0.41960784 0.25098039 0.01960784
v 0.08160600 -0.29145000 0.05829000 0.41960784 0.25098039 0.01960784
v 0.08160600 -0.26813400 0.05829000 0.41960784 0.25098039 0.01960784
v 0.08160600 -0.24481800 0.05829000 0.73725490 0.62745098 0.21568627
v 0.08160600 -0.22150200 0.03497400 0.73725490 0.62745098 0.21568627
v 0.08160600 -0.22150200 0.05829000 0.73725490 0.62745098 0.21568627
v -0.08160600 -0.29145000 -0.05829000 0.39215686 0.19215686 0.03137255
v -0.08160600 -0.29145000 -0.03497400 0.39215686 0.19215686 0.03137255
v -0.05829000 -0.29145000 -0.05829000 0.53725490 0.28235294 0.07450980
v -0.05829000 -0.29145000 -0.03497400 0.53725490 0.28235294 0.07450980
v -0.03497400 -0.29145000 -0.05829000 0.63529412 0.33333333 0.09411765
v -0.03497400 -0.29145000 -0.03497400 0.63529412 0.33333333 0.09411765
v -0.01165800 -0.29145000 -0.05829000 0.68235294 0.42352941 0.12156863
v -0.01165800 -0.29145000 -0.03497400 0.68235294 0.42352941 0.12156863
v 0.01165800 -0.29145000 -0.05829000 0.47843137 0.26666667 0.03137255
v 0.01165800 -0.29145000 -0.03497400 0.47843137 0.26666667 0.03137255
v 0.03497400 -0.29145000 -0.05829000 0.42352941 0.22745098 0.00000000
v 0.03497400 -0.29145000 -0.03497400 0.42352941 0.22745098 0.00000000
v 0.05829000 -0.29145000 -0.05829000 0.75686275 0.53725490 0.12941176
v 0.05829000 -0.29145000 -0.03497400 0.75686275 0.53725490 0.12941176
v -0.08160600 -0.29145000 -0.01165800 0.50588235 0.29019608 0.03137255
v -0.05829000 -0.29145000 -0.01165800 0.38823529 0.18823529 0.00000000
v -0.03497400 -0.29145000 -0.01165800 0.31372549 0.19607843 0.05882353
v 0.03497400 -0.29145000 -0.01165800 0.52549020 0.28627451 0.00000000
v 0.05829000 -0.29145000 -0.01165800 0.40392157 0.24705882 0.03137255
v 0.08160600 -0.29145000 -0.01165800 0.27450980 0.15294118 0.00392157
v -0.05829000 -0.24481800 -0.03497400 0.67843137 0.54509804 0.12941176
v -0.05829000 -0.24481800 -0.01165800 0.41960784 0.18039216 0.03137255
v -0.03497400 -0.24481800 -0.03497400 0.70980392 0.56078431 0.09411765
v -0.03497400 -0.24481800 -0.01165800 0.67843137 0.47450980 0.16078431
v -0.01165800 -0.24481800 -0.03497400 0.67843137 0.51372549 0.09411765
v -0.01165800 -0.24481800 -0.01165800 0.75686275 0.62352941 0.23921569
v 0.01165800 -0.24481800 -0.03497400 0.82352941 0.67843137 0.23921569
v 0.01165800 -0.24481800 -0.01165800 0.39215686 0.12941176 0.03137255
v 0.03497400 -0.24481800 -0.03497400 0.73725490 0.56862745 0.17647059
v 0.03497400 -0.24481800 -0.01165800 0.19215686 0.05098039 0.00000000
v 0.05829000 -0.24481800 -0.03497400 0.60392157 0.40392157 0.16862745
v 0.05829000 -0.24481800 -0.01165800 0.57254902 0.28235294 0.08235294
v -0.08160600 -0.29145000 0.01165800 0.51764706 0.30196078 0.03137255
v -0.05829000 -0.29145000 0.01165800 0.47058824 0.27058824 0.03137255
v -0.03497400 -0.29145000 0.01165800 0.10196078 0.04313725 0.03137255
v 0.03497400 -0.29145000 0.01165800 0.42352941 0.22745098 0.00000000
v 0.05829000 -0.29145000 0.01165800 0.41960784 0.25098039 0.01960784
v 0.08160600 -0.29145000 0.01165800 0.70980392 0.54117647 0.23921569
v -0.05829000 -0.24481800 0.01165800 0.61568627 0.32156863 0.06274510
v -0.03497400 -0.24481800 0.01165800 0.21176471 0.05490196 0.00000000
v -0.01165800 -0.24481800 0.01165800 0.67843137 0.51372549 0.09411765
v 0.01165800 -0.24481800 0.01165800 0.63921569 0.44313725 0.06274510
v 0.03497400 -0.24481800 0.01165800 0.62745098 0.40784314 0.06274510
v 0.05829000 -0.24481800 0.01165800 0.50980392 0.27843137 0.05490196
v -0.08160600 -0.29145000 0.03497400 0.39215686 0.19215686 0.03137255
v -0.05829000 -0.29145000 0.03497400 0.53725490 0.28235294 0.07450980
v -0.03497400 -0.29145000 0.03497400 0.63529412 0.33333333 0.09411765
v -0.01165800 -0.29145000 0.03497400 0.68235294 0.42352941 0.12156863
v 0.01165800 -0.29145000 0.03497400 0.64313725 0.39215686 0.09411765
v 0.03497400 -0.29145000 0.03497400 0.70196078 0.46666667 0.12549020
v 0.05829000 -0.29145000 0.03497400 0.75686275 0.53725490 0.12941176
v -0.05829000 -0.24481800 0.03497400 0.75686275 0.56862745 0.15294118
v -0.03497400 -0.24481800 0.03497400 0.87450980 0.80392157 0.52941176
v -0.01165800 -0.24481800 0.03497400 0.83529412 0.75294118 0.35686275
v 0.01165800 -0.24481800 0.03497400 0.82352941 0.67843137 0.23921569
v 0.03497400 -0.24481800 0.03497400 0.73725490 0.56862745 0.17647059
v 0.05829000 -0.24481800 0.03497400 0.60392157 0.40392157 0.16862745
v -0.08160600 -0.29145000 0.05829000 0.39215686 0.19215686 0.03137255
v -0.05829000 -0.29145000 0.05829000 0.53725490 0.28235294 0.07450980
v -0.03497400 -0.29145000 0.05829000 0.63529412 0.33333333 0.09411765
v -0.01165800 -0.29145000 0.05829000 0.68235294 0.42352941 0.12156863
v 0.01165800 -0.29145000 0.05829000 0.64313725 0.39215686 0.09411765
v 0.03497400 -0.29145000 0.05829000 0.70196078 0.46666667 0.12549020
v 0.05829000 -0.29145000 0.05829000 0.75686275 0.53725490 0.12941176
v -0.08160600 -0.22150200 -0.05829000 0.58823529 0.38039216 0.08627451
v -0.08160600 -0.22150200 -0.03497400 0.58823529 0.38039216 0.08627451
v -0.05829000 -0.22150200 -0.05829000 0.67843137 0.54509804 0.12941176
v -0.05829000 -0.22150200 -0.03497400 0.67843137 0.54509804 0.12941176
v -0.03497400 -0.22150200 -0.05829000 0.70980392 0.56078431 0.09411765
v -0.03497400 -0.22150200 -0.03497400 0.70980392 0.56078431 0.09411765
v -0.01165800 -0.22150200 -0.05829000 0.67843137 0.51372549 0.09411765
v -0.01165800 -0.22150200 -0.03497400 0.67843137 0.51372549 0.09411765
v 0.01165800 -0.22150200 -0.05829000 0.82352941 0.67843137 0.23921569
v 0.01165800 -0.22150200 -0.03497400 0.82352941 0.67843137 0.23921569
v 0.03497400 -0.22150200 -0.05829000 0.73725490 0.56862745 0.17647059
v 0.03497400 -0.22150200 -0.03497400 0.73725490 0.56862745 0.17647059
v 0.05829000 -0.22150200 -0.05829000 0.60392157 0.40392157 0.16862745
v 0.05829000 -0.22150200 -0.03497400 0.60392157 0.40392157 0.16862745
v -0.05829000 -0.26813400 -0.03497400 0.61176471 0.38039216 0.06274510
v -0.05829000 -0.26813400 -0.01165800 0.51764706 0.30980392 0.03137255
v -0.03497400 -0.26813400 -0.03497400 0.76862745 0.67450980 0.18431373
v -0.03497400 -0.26813400 -0.01165800 0.45882353 0.25882353 0.03137255
v -0.01165800 -0.26813400 -0.03497400 0.80784314 0.72941176 0.29019608
v -0.01165800 -0.26813400 -0.01165800 0.34509804 0.23137255 0.06274510
v 0.01165800 -0.26813400 -0.03497400 0.80784314 0.71372549 0.25882353
v 0.01165800 -0.26813400 -0.01165800 0.25882353 0.15686275 0.03137255
v 0.03497400 -0.26813400 -0.03497400 0.73725490 0.61568627 0.15686275
v 0.03497400 -0.26813400 -0.01165800 0.38823529 0.23529412 0.06274510
v 0.05829000 -0.26813400 -0.03497400 0.70980392 0.57254902 0.12941176
v 0.05829000 -0.26813400 -0.01165800 0.49411765 0.25882353 0.02352941
v -0.08160600 -0.22150200 -0.01165800 0.60784314 0.42352941 0.09803922
v -0.05829000 -0.22150200 -0.01165800 0.41960784 0.18039216 0.03137255
v -0.03497400 -0.22150200 -0.01165800 0.67843137 0.47450980 0.16078431
v -0.01165800 -0.22150200 -0.01165800 0.75686275 0.62352941 0.23921569
v 0.01165800 -0.22150200 -0.01165800 0.39215686 0.12941176 0.03137255
v 0.03497400 -0.22150200 -0.01165800 0.19215686 0.05098039 0.00000000
v 0.05829000 -0.22150200 -0.01165800 0.57254902 0.28235294 0.08235294
v 0.08160600 -0.22150200 -0.01165800 0.61176471 0.46274510 0.13725490
v -0.05829000 -0.26813400 0.01165800 0.50588235 0.29019608 0.03137255
v -0.03497400 -0.26813400 0.01165800 0.38823529 0.18823529 0.00000000
v -0.01165800 -0.26813400 0.01165800 0.31372549 0.19607843 0.05882353
v 0.01165800 -0.26813400 0.01165800 0.06274510 0.00000000 0.00000000
v 0.03497400 -0.26813400 0.01165800 0.35294118 0.24313725 0.08627451
v 0.05829000 -0.26813400 0.01165800 0.52549020 0.28627451 0.00000000
v -0.08160600 -0.22150200 0.01165800 0.64705882 0.50980392 0.12941176
v -0.05829000 -0.22150200 0.01165800 0.61568627 0.32156863 0.06274510
v -0.03497400 -0.22150200 0.01165800 0.21176471 0.05490196 0.00000000
v -0.01165800 -0.22150200 0.01165800 0.67843137 0.51372549 0.09411765
v 0.01165800 -0.22150200 0.01165800 0.63921569 0.44313725 0.06274510
v 0.03497400 -0.22150200 0.01165800 0.62745098 0.40784314 0.06274510
v 0.05829000 -0.22150200 0.01165800 0.50980392 0.27843137 0.05490196
v 0.08160600 -0.22150200 0.01165800 0.70196078 0.54509804 0.25098039
v -0.05829000 -0.26813400 0.03497400 0.61176471 0.38039216 0.06274510
v -0.03497400 -0.26813400 0.03497400 0.60000000 0.34509804 0.06274510
v -0.01165800 -0.26813400 0.03497400 0.80784314 0.71372549 0.25882353
v 0.01165800 -0.26813400 0.03497400 0.80784314 0.71372549 0.25882353
v 0.03497400 -0.26813400 0.03497400 0.68627451 0.49019608 0.09411765
v 0.05829000 -0.26813400 0.03497400 0.73725490 0.62745098 0.21568627
v -0.08160600 -0.22150200 0.03497400 0.68235294 0.46666667 0.10196078
v -0.05829000 -0.22150200 0.03497400 0.75686275 0.56862745 0.15294118
v -0.03497400 -0.22150200 0.03497400 0.87450980 0.80392157 0.52941176
v -0.01165800 -0.22150200 0.03497400 0.83529412 0.75294118 0.35686275
v 0.01165800 -0.22150200 0.03497400 0.82352941 0.67843137 0.23921569
v 0.03497400 -0.22150200 0.03497400 0.73725490 0.56862745 0.17647059
v 0.05829000 -0.22150200 0.03497400 0.60392157 0.40392157 0.16862745
v -0.08160600 -0.22150200 0.05829000 0.68235294 0.46666667 0.10196078
v -0.05829000 -0.22150200 0.05829000 0.75686275 0.56862745 0.15294118
v -0.03497400 -0.22150200 0.05829000 0.87450980 0.80392157 0.52941176
v -0.01165800 -0.22150200 0.05829000 0.83529412 0.75294118 0.35686275
v 0.01165800 -0.22150200 0.05829000 0.82352941 0.67843137 0.23921569
v 0.03497400 -0.22150200 0.05829000 0.73725490 0.56862745 0.17647059
v 0.05829000 -0.22150200 0.05829000 0.60392157 0.40392157 0.16862745
v -0.05829000 -0.26813400 -0.05829000 0.61176471 0.38039216 0.06274510
v -0.03497400 -0.26813400 -0.05829000 0.76862745 0.67450980 0.18431373
v -0.01165800 -0.26813400 -0.05829000 0.80784314 0.72941176 0.29019608
v 0.01165800 -0.26813400 -0.05829000 0.80784314 0.71372549 0.25882353
v 0.03497400 -0.26813400 -0.05829000 0.73725490 0.61568627 0.15686275
v 0.05829000 -0.26813400 -0.05829000 0.70980392 0.57254902 0.12941176
v -0.05829000 -0.24481800 -0.05829000 0.67843137 0.54509804 0.12941176
v -0.03497400 -0.24481800 -0.05829000 0.70980392 0.56078431 0.09411765
v -0.01165800 -0.24481800 -0.05829000 0.67843137 0.51372549 0.09411765
v 0.01165800 -0.24481800 -0.05829000 0.82352941 0.67843137 0.23921569
v 0.03497400 -0.24481800 -0.05829000 0.73725490 0.56862745 0.17647059
v 0.05829000 -0.24481800 -0.05829000 0.60392157 0.40392157 0.16862745
v -0.05829000 -0.26813400 0.05829000 0.61176471 0.38039216 0.06274510
v -0.03497400 -0.26813400 0.05829000 0.60000000 0.34509804 0.06274510
v -0.01165800 -0.26813400 0.05829000 0.80784314 0.71372549 0.25882353
v 0.01165800 -0.26813400 0.05829000 0.80784314 0.71372549 0.25882353
v 0.03497400 -0.26813400 0.05829000 0.68627451 0.49019608 0.09411765
v 0.05829000 -0.26813400 0.05829000 0.73725490 0.62745098 0.21568627
v -0.05829000 -0.24481800 0.05829000 0.75686275 0.56862745 0.15294118
v -0.03497400 -0.24481800 0.05829000 0.87450980 0.80392157 0.52941176
v -0.01165800 -0.24481800 0.05829000 0.83529412 0.75294118 0.35686275
v 0.01165800 -0.24481800 0.05829000 0.82352941 0.67843137 0.23921569
v 0.03497400 -0.24481800 0.05829000 0.73725490 0.56862745 0.17647059
v 0.05829000 -0.24481800 0.05829000 0.60392157 0.40392157 0.16862745
f 1 2 4
f 1 4 3
f 2 5 6
f 2 6 4
f 5 7 8
f 5 8 6
f 7 9 10
f 7 10 8
f 9 11 12
f 9 12 10
f 11 13 14
f 11 14 12
f 13 15 16
f 13 16 14
f 15 17 18
f 15 18 16
f 17 19 20
f 17 20 18
f 19 21 22
f 19 22 20
f 21 23 24
f 21 24 22
f 23 25 26
f 23 26 24
f 25 27 28
f 25 28 26
f 27 29 30
f 27 30 28
f 29 31 32
f 29 32 30
f 31 33 34
f 31 34 32
f 33 35 36
f 33 36 34
f 35 37 38
f 35 38 36
f 37 39 40
f 37 40 38
f 39 41 42
f 39 42 40
f 41 43 44
f 41 44 42
f 43 45 46
f 43 46 44
f 45 47 48
f 45 48 46
f 47 49 50
f 47 50 48
f 49 51 52
f 49 52 50
f 53 54 56
f 53 56 55
f 57 58 60
f 57 60 59
f 54 61 62
f 54 62 56
f 58 63 64
f 58 64 60
f 61 65 66
f 61 66 62
f 63 67 68
f 63 68 64
f 65 69 70
f 65 70 66
f 67 71 72
f 67 72 68
f 69 73 74
f 69 74 70
f 71 75 76
f 71 76 72
f 73 77 78
f 73 78 74
f 75 79 80
f 75 80 76
f 77 81 82
f 77 82 78
f 79 83 84
f 79 84 80
f 81 85 86
f 81 86 82
f 83 87 88
f 83 88 84
f 85 89 90
f 85 90 86
f 87 91 92
f 87 92 88
f 89 93 94
f 89 94 90
f 91 95 96
f 91 96 92
f 93 97 98
f 93 98 94
f 95 99 100
f 95 100 96
f 97 101 102
f 97 102 98
f 99 103 104
f 99 104 100
f 101 105 106
f 101 106 102
f 103 107 108
f 103 108 104
f 105 109 110
f 105 110 106
f 107 111 112
f 107 112 108
f 109 113 114
f 109 114 110
f 111 115 116
f 111 116 112
f 113 117 118
f 113 118 114
f 115 119 120
f 115 120 116
f 117 121 122
f 117 122 118
f 119 123 124
f 119 124 120
f 121 125 126
f 121 126 122
f 123 127 128
f 123 128 124
f 125 129 130
f 125 130 126
f 127 131 132
f 127 132 128
f 129 133 134
f 129 134 130
f 131 135 136
f 131 136 132
f 133 137 138
f 133 138 134
f 139 140 142
f 139 142 141
f 137 143 144
f 137 144 138
f 140 145 146
f 140 146 142
f 143 147 148
f 143 148 144
f 145 149 150
f 145 150 146
f 147 151 152
f 147 152 148
f 153 154 156
f 153 156 155
f 157 158 160
f 157 160 159
f 158 161 162
f 158 162 160
f 163 164 166
f 163 166 165
f 164 167 168
f 164 168 166
f 169 170 172
f 169 172 171
f 173 174 176
f 173 176 175
f 177 178 180
f 177 180 179
f 178 181 182
f 178 182 180
f 181 183 184
f 181 184 182
f 183 185 186
f 183 186 184
f 185 187 188
f 185 188 186
f 187 189 190
f 187 190 188
f 189 191 192
f 189 192 190
f 191 193 194
f 191 194 192
f 193 195 196
f 193 196 194
f 195 197 198
f 195 198 196
f 197 199 200
f 197 200 198
f 199 201 202
f 199 202 200
f 201 203 204
f 201 204 202
f 203 205 206
f 203 206 204
f 205 207 208
f 205 208 206
f 207 209 210
f 207 210 208
f 209 211 212
f 209 212 210
f 211 213 214
f 211 214 212
f 213 215 216
f 213 216 214
f 215 217 218
f 215 218 216
f 217 219 220
f 217 220 218
f 221 222 224
f 221 224 223
f 222 225 226
f 222 226 224
f 227 228 230
f 227 230 229
f 234 232 231
f 233 234 231
f 236 235 232
f 234 236 232
f 238 237 235
f 236 238 235
f 240 239 237
f 238 240 237
f 242 241 239
f 240 242 239
f 244 243 241
f 242 244 241
f 246 245 243
f 244 246 243
f 248 247 245
f 246 248 245
f 250 249 247
f 248 250 247
f 252 251 249
f 250 252 249
f 254 253 251
f 252 254 251
f 256 255 253
f 254 256 253
f 258 257 255
f 256 258 255
f 260 259 257
f 258 260 257
f 262 261 259
f 260 262 259
f 264 263 261
f 262 264 261
f 266 265 263
f 264 266 263
f 268 267 265
f 266 268 265
f 270 269 267
f 268 270 267
f 272 271 269
f 270 272 269
f 275 274 273
f 135 275 273
f 277 276 274
f 275 277 274
f 279 278 276
f 277 279 276
f 283 281 280
f 282 283 280
f 285 284 281
f 283 285 281
f 289 287 286
f 288 289 286
f 293 291 290
f 292 293 290
f 295 294 287
f 289 295 287
f 297 296 291
f 293 297 291
f 299 298 294
f 295 299 294
f 301 300 296
f 297 301 296
f 303 302 298
f 299 303 298
f 305 304 300
f 301 305 300
f 307 306 302
f 303 307 302
f 309 308 304
f 305 309 304
f 311 310 306
f 307 311 306
f 313 312 308
f 309 313 308
f 315 314 310
f 311 315 310
f 317 316 312
f 313 317 312
f 319 318 314
f 315 319 314
f 321 320 316
f 317 321 316
f 323 322 318
f 319 323 318
f 325 324 320
f 321 325 320
f 327 326 322
f 323 327 322
f 329 328 324
f 325 329 324
f 331 330 326
f 327 331 326
f 333 332 328
f 329 333 328
f 335 334 330
f 331 335 330
f 337 336 332
f 333 337 332
f 339 338 334
f 335 339 334
f 341 340 336
f 337 341 336
f 343 342 338
f 339 343 338
f 345 344 340
f 341 345 340
f 347 346 342
f 343 347 342
f 349 348 344
f 345 349 344
f 351 350 346
f 347 351 346
f 353 352 348
f 349 353 348
f 355 354 350
f 351 355 350
f 357 356 352
f 353 357 352
f 359 358 354
f 355 359 354
f 361 360 356
f 357 361 356
f 363 362 358
f 359 363 358
f 365 364 360
f 361 365 360
f 367 366 362
f 363 367 362
f 369 368 364
f 365 369 364
f 221 370 366
f 367 221 366
f 372 371 368
f 369 372 368
f 222 373 370
f 221 222 370
f 375 374 371
f 372 375 371
f 225 376 373
f 222 225 373
f 378 377 374
f 375 378 374
f 380 379 377
f 378 380 377
f 384 382 381
f 383 384 381
f 388 386 385
f 387 388 385
f 390 389 386
f 388 390 386
f 394 392 391
f 393 394 391
f 398 396 395
f 397 398 395
f 400 399 396
f 398 400 396
f 404 402 401
f 403 404 401
f 408 406 405
f 407 408 405
f 410 409 406
f 408 410 406
f 412 411 409
f 410 412 409
f 414 413 411
f 412 414 411
f 416 415 413
f 414 416 413
f 418 417 415
f 416 418 415
f 420 419 417
f 418 420 417
f 422 421 419
f 420 422 419
f 424 423 421
f 422 424 421
f 426 425 423
f 424 426 423
f 428 427 425
f 426 428 425
f 430 429 427
f 428 430 427
f 432 431 429
f 430 432 429
f 434 433 431
f 432 434 431
f 436 435 433
f 434 436 433
f 438 437 435
f 436 438 435
f 440 439 437
f 438 440 437
f 442 441 439
f 440 442 439
f 444 443 441
f 442 444 441
f 446 445 443
f 444 446 443
f 449 447 136
f 448 449 136
f 451 450 447
f 449 451 447
f 453 452 450
f 451 453 450
f 455 454 452
f 453 455 452
f 286 456 1
f 3 286 1
f 458 457 456
f 286 458 456
f 460 459 457
f 458 460 457
f 57 461 459
f 460 57 459
f 233 231 461
f 57 233 461
f 282 280 278
f 279 282 278
f 177 3 53
f 55 177 53
f 288 286 3
f 177 288 3
f 405 233 57
f 59 405 57
f 292 290 233
f 405 292 233
f 136 135 139
f 141 136 139
f 463 462 376
f 225 463 376
f 150 149 462
f 463 150 462
f 152 151 153
f 155 152 153
f 383 381 379
f 380 383 379
f 464 288 177
f 179 464 177
f 466 465 288
f 464 466 288
f 468 467 465
f 466 468 465
f 469 59 467
f 468 469 467
f 407 405 59
f 469 407 59
f 226 225 227
f 229 226 227
f 273 271 272
f 273 272 135
f 51 470 471
f 51 471 52
f 470 472 473
f 470 473 471
f 472 474 475
f 472 475 473
f 474 476 477
f 474 477 475
f 476 284 285
f 476 285 477
f 154 157 159
f 154 159 156
f 385 382 384
f 385 384 387
f 161 163 165
f 161 165 162
f 391 389 390
f 391 390 393
f 395 392 394
f 395 394 397
f 167 169 171
f 167 171 168
f 170 173 175
f 170 175 172
f 401 399 400
f 401 400 403
f 174 402 404
f 174 404 176
f 136 445 446
f 136 446 448
f 219 221 223
f 219 223 220
f 228 478 479
f 228 479 230
f 478 480 481
f 478 481 479
f 480 482 483
f 480 483 481
f 482 454 455
f 482 455 483
f 1 456 484
f 1 484 2
f 456 457 485
f 456 485 484
f 457 459 486
f 457 486 485
f 459 461 487
f 459 487 486
f 461 231 232
f 461 232 487
f 2 484 488
f 2 488 5
f 484 485 489
f 484 489 488
f 485 486 490
f 485 490 489
f 486 487 491
f 486 491 490
f 487 232 235
f 487 235 491
f 5 488 492
f 5 492 7
f 488 489 493
f 488 493 492
f 489 490 494
f 489 494 493
f 490 491 495
f 490 495 494
f 491 235 237
f 491 237 495
f 7 492 496
f 7 496 9
f 492 493 497
f 492 497 496
f 493 494 498
f 493 498 497
f 494 495 499
f 494 499 498
f 495 237 239
f 495 239 499
f 9 496 500
f 9 500 11
f 496 497 501
f 496 501 500
f 497 498 502
f 497 502 501
f 498 499 503
f 498 503 502
f 499 239 241
f 499 241 503
f 11 500 504
f 11 504 13
f 500 501 505
f 500 505 504
f 501 502 506
f 501 506 505
f 502 503 507
f 502 507 506
f 503 241 243
f 503 243 507
f 13 504 508
f 13 508 15
f 504 505 509
f 504 509 508
f 505 506 510
f 505 510 509
f 506 507 511
f 506 511 510
f 507 243 245
f 507 245 511
f 15 508 512
f 15 512 17
f 508 509 513
f 508 513 512
f 509 510 514
f 509 514 513
f 510 511 515
f 510 515 514
f 511 245 247
f 511 247 515
f 17 512 516
f 17 516 19
f 512 513 517
f 512 517 516
f 513 514 518
f 513 518 517
f 514 515 519
f 514 519 518
f 515 247 249
f 515 249 519
f 19 516 520
f 19 520 21
f 516 517 521
f 516 521 520
f 517 518 522
f 517 522 521
f 518 519 523
f 518 523 522
f 519 249 251
f 519 251 523
f 21 520 524
f 21 524 23
f 520 521 525
f 520 525 524
f 521 522 526
f 521 526 525
f 522 523 527
f 522 527 526
f 523 251 253
f 523 253 527
f 23 524 528
f 23 528 25
f 524 525 529
f 524 529 528
f 525 526 530
f 525 530 529
f 526 527 531
f 526 531 530
f 527 253 255
f 527 255 531
f 25 528 532
f 25 532 27
f 528 529 533
f 528 533 532
f 529 530 534
f 529 534 533
f 530 531 535
f 530 535 534
f 531 255 257
f 531 257 535
f 27 532 536
f 27 536 29
f 532 533 537
f 532 537 536
f 533 534 538
f 533 538 537
f 534 535 539
f 534 539 538
f 535 257 259
f 535 259 539
f 29 536 540
f 29 540 31
f 536 537 541
f 536 541 540
f 537 538 542
f 537 542 541
f 538 539 543
f 538 543 542
f 539 259 261
f 539 261 543
f 31 540 544
f 31 544 33
f 540 541 545
f 540 545 544
f 541 542 546
f 541 546 545
f 542 543 547
f 542 547 546
f 543 261 263
f 543 263 547
f 33 544 548
f 33 548 35
f 544 545 549
f 544 549 548
f 545 546 550
f 545 550 549
f 546 547 551
f 546 551 550
f 547 263 265
f 547 265 551
f 35 548 552
f 35 552 37
f 548 549 553
f 548 553 552
f 549 550 554
f 549 554 553
f 550 551 555
f 550 555 554
f 551 265 267
f 551 267 555
f 37 552 556
f 37 556 39
f 552 553 557
f 552 557 556
f 553 554 558
f 553 558 557
f 554 555 559
f 554 559 558
f 555 267 269
f 555 269 559
f 39 556 560
f 39 560 41
f 556 557 561
f 556 561 560
f 557 558 562
f 557 562 561
f 558 559 273
f 558 273 562
f 559 269 271
f 559 271 273
f 41 560 563
f 41 563 43
f 560 561 564
f 560 564 563
f 561 562 565
f 561 565 564
f 562 273 274
f 562 274 565
f 43 563 566
f 43 566 45
f 563 564 567
f 563 567 566
f 564 565 568
f 564 568 567
f 565 274 276
f 565 276 568
f 45 566 569
f 45 569 47
f 566 567 570
f 566 570 569
f 567 568 571
f 567 571 570
f 568 276 278
f 568 278 571
f 47 569 572
f 47 572 49
f 569 570 573
f 569 573 572
f 570 571 574
f 570 574 573
f 571 278 575
f 571 575 574
f 278 280 281
f 278 281 575
f 49 572 470
f 49 470 51
f 572 573 472
f 572 472 470
f 573 574 474
f 573 474 472
f 574 575 476
f 574 476 474
f 575 281 284
f 575 284 476
f 53 3 4
f 53 4 54
f 233 290 291
f 233 291 234
f 54 4 6
f 54 6 61
f 234 291 296
f 234 296 236
f 61 6 8
f 61 8 65
f 236 296 300
f 236 300 238
f 65 8 10
f 65 10 69
f 238 300 304
f 238 304 240
f 69 10 12
f 69 12 73
f 240 304 308
f 240 308 242
f 73 12 14
f 73 14 77
f 242 308 312
f 242 312 244
f 77 14 16
f 77 16 81
f 244 312 316
f 244 316 246
f 81 16 18
f 81 18 85
f 246 316 320
f 246 320 248
f 85 18 20
f 85 20 89
f 248 320 324
f 248 324 250
f 89 20 22
f 89 22 93
f 250 324 328
f 250 328 252
f 93 22 24
f 93 24 97
f 252 328 332
f 252 332 254
f 97 24 26
f 97 26 101
f 254 332 336
f 254 336 256
f 101 26 28
f 101 28 105
f 256 336 340
f 256 340 258
f 105 28 30
f 105 30 109
f 258 340 344
f 258 344 260
f 109 30 32
f 109 32 113
f 260 344 348
f 260 348 262
f 113 32 34
f 113 34 117
f 262 348 352
f 262 352 264
f 117 34 36
f 117 36 121
f 264 352 356
f 264 356 266
f 121 36 38
f 121 38 125
f 266 356 360
f 266 360 268
f 125 38 40
f 125 40 129
f 268 360 364
f 268 364 270
f 129 40 42
f 129 42 133
f 270 364 368
f 270 368 272
f 133 42 44
f 133 44 137
f 135 272 576
f 135 576 275
f 272 368 371
f 272 371 576
f 137 44 46
f 137 46 143
f 275 576 577
f 275 577 277
f 576 371 374
f 576 374 577
f 143 46 48
f 143 48 147
f 277 577 282
f 277 282 279
f 577 374 377
f 577 377 282
f 147 48 50
f 147 50 151
f 282 377 379
f 282 379 283
f 153 151 157
f 153 157 154
f 151 50 52
f 151 52 157
f 283 379 385
f 283 385 285
f 379 381 382
f 379 382 385
f 157 52 578
f 157 578 158
f 52 471 579
f 52 579 578
f 471 473 580
f 471 580 579
f 473 475 581
f 473 581 580
f 475 477 582
f 475 582 581
f 477 285 583
f 477 583 582
f 285 385 386
f 285 386 583
f 158 578 163
f 158 163 161
f 578 579 584
f 578 584 163
f 579 580 585
f 579 585 584
f 580 581 586
f 580 586 585
f 581 582 587
f 581 587 586
f 582 583 391
f 582 391 587
f 583 386 389
f 583 389 391
f 163 584 588
f 163 588 164
f 584 585 589
f 584 589 588
f 585 586 590
f 585 590 589
f 586 587 395
f 586 395 590
f 587 391 392
f 587 392 395
f 164 588 169
f 164 169 167
f 588 589 591
f 588 591 169
f 589 590 592
f 589 592 591
f 590 395 396
f 590 396 592
f 169 591 173
f 169 173 170
f 591 592 401
f 591 401 173
f 592 396 399
f 592 399 401
f 173 401 402
f 173 402 174
f 288 465 593
f 288 593 289
f 465 467 594
f 465 594 593
f 467 59 60
f 467 60 594
f 289 593 595
f 289 595 295
f 593 594 596
f 593 596 595
f 594 60 64
f 594 64 596
f 295 595 597
f 295 597 299
f 595 596 598
f 595 598 597
f 596 64 68
f 596 68 598
f 299 597 599
f 299 599 303
f 597 598 600
f 597 600 599
f 598 68 72
f 598 72 600
f 303 599 601
f 303 601 307
f 599 600 602
f 599 602 601
f 600 72 76
f 600 76 602
f 307 601 603
f 307 603 311
f 601 602 604
f 601 604 603
f 602 76 80
f 602 80 604
f 311 603 605
f 311 605 315
f 603 604 606
f 603 606 605
f 604 80 84
f 604 84 606
f 315 605 607
f 315 607 319
f 605 606 608
f 605 608 607
f 606 84 88
f 606 88 608
f 319 607 609
f 319 609 323
f 607 608 610
f 607 610 609
f 608 88 92
f 608 92 610
f 323 609 611
f 323 611 327
f 609 610 612
f 609 612 611
f 610 92 96
f 610 96 612
f 327 611 613
f 327 613 331
f 611 612 614
f 611 614 613
f 612 96 100
f 612 100 614
f 331 613 615
f 331 615 335
f 613 614 616
f 613 616 615
f 614 100 104
f 614 104 616
f 335 615 617
f 335 617 339
f 615 616 618
f 615 618 617
f 616 104 108
f 616 108 618
f 339 617 619
f 339 619 343
f 617 618 620
f 617 620 619
f 618 108 112
f 618 112 620
f 343 619 621
f 343 621 347
f 619 620 622
f 619 622 621
f 620 112 116
f 620 116 622
f 347 621 623
f 347 623 351
f 621 622 624
f 621 624 623
f 622 116 120
f 622 120 624
f 351 623 625
f 351 625 355
f 623 624 626
f 623 626 625
f 624 120 124
f 624 124 626
f 355 625 627
f 355 627 359
f 625 626 628
f 625 628 627
f 626 124 128
f 626 128 628
f 359 627 629
f 359 629 363
f 627 628 630
f 627 630 629
f 628 128 132
f 628 132 630
f 363 629 631
f 363 631 367
f 629 630 141
f 629 141 631
f 630 132 136
f 630 136 141
f 367 631 632
f 367 632 221
f 631 141 142
f 631 142 632
f 221 632 633
f 221 633 222
f 632 142 146
f 632 146 633
f 222 633 463
f 222 463 225
f 633 146 150
f 633 150 463
f 634 458 286
f 287 634 286
f 635 460 458
f 634 635 458
f 58 57 460
f 635 58 460
f 636 634 287
f 294 636 287
f 637 635 634
f 636 637 634
f 63 58 635
f 637 63 635
f 638 636 294
f 298 638 294
f 639 637 636
f 638 639 636
f 67 63 637
f 639 67 637
f 640 638 298
f 302 640 298
f 641 639 638
f 640 641 638
f 71 67 639
f 641 71 639
f 642 640 302
f 306 642 302
f 643 641 640
f 642 643 640
f 75 71 641
f 643 75 641
f 644 642 306
f 310 644 306
f 645 643 642
f 644 645 642
f 79 75 643
f 645 79 643
f 646 644 310
f 314 646 310
f 647 645 644
f 646 647 644
f 83 79 645
f 647 83 645
f 648 646 314
f 318 648 314
f 649 647 646
f 648 649 646
f 87 83 647
f 649 87 647
f 650 648 318
f 322 650 318
f 651 649 648
f 650 651 648
f 91 87 649
f 651 91 649
f 652 650 322
f 326 652 322
f 653 651 650
f 652 653 650
f 95 91 651
f 653 95 651
f 654 652 326
f 330 654 326
f 655 653 652
f 654 655 652
f 99 95 653
f 655 99 653
f 656 654 330
f 334 656 330
f 657 655 654
f 656 657 654
f 103 99 655
f 657 103 655
f 658 656 334
f 338 658 334
f 659 657 656
f 658 659 656
f 107 103 657
f 659 107 657
f 660 658 338
f 342 660 338
f 661 659 658
f 660 661 658
f 111 107 659
f 661 111 659
f 662 660 342
f 346 662 342
f 663 661 660
f 662 663 660
f 115 111 661
f 663 115 661
f 664 662 346
f 350 664 346
f 665 663 662
f 664 665 662
f 119 115 663
f 665 119 663
f 666 664 350
f 354 666 350
f 667 665 664
f 666 667 664
f 123 119 665
f 667 123 665
f 668 666 354
f 358 668 354
f 669 667 666
f 668 669 666
f 127 123 667
f 669 127 667
f 670 668 358
f 362 670 358
f 671 669 668
f 670 671 668
f 131 127 669
f 671 131 669
f 672 670 362
f 366 672 362
f 139 671 670
f 672 139 670
f 135 131 671
f 139 135 671
f 673 672 366
f 370 673 366
f 140 139 672
f 673 140 672
f 674 673 370
f 373 674 370
f 145 140 673
f 674 145 673
f 462 674 373
f 376 462 373
f 149 145 674
f 462 149 674
f 178 177 55
f 56 178 55
f 293 292 405
f 406 293 405
f 181 178 56
f 62 181 56
f 297 293 406
f 409 297 406
f 183 181 62
f 66 183 62
f 301 297 409
f 411 301 409
f 185 183 66
f 70 185 66
f 305 301 411
f 413 305 411
f 187 185 70
f 74 187 70
f 309 305 413
f 415 309 413
f 189 187 74
f 78 189 74
f 313 309 415
f 417 313 415
f 191 189 78
f 82 191 78
f 317 313 417
f 419 317 417
f 193 191 82
f 86 193 82
f 321 317 419
f 421 321 419
f 195 193 86
f 90 195 86
f 325 321 421
f 423 325 421
f 197 195 90
f 94 197 90
f 329 325 423
f 425 329 423
f 199 197 94
f 98 199 94
f 333 329 425
f 427 333 425
f 201 199 98
f 102 201 98
f 337 333 427
f 429 337 427
f 203 201 102
f 106 203 102
f 341 337 429
f 431 341 429
f 205 203 106
f 110 205 106
f 345 341 431
f 433 345 431
f 207 205 110
f 114 207 110
f 349 345 433
f 435 349 433
f 209 207 114
f 118 209 114
f 353 349 435
f 437 353 435
f 211 209 118
f 122 211 118
f 357 353 437
f 439 357 437
f 213 211 122
f 126 213 122
f 361 357 439
f 441 361 439
f 215 213 126
f 130 215 126
f 365 361 441
f 443 365 441
f 217 215 130
f 134 217 130
f 369 365 443
f 445 369 443
f 219 217 134
f 138 219 134
f 675 445 136
f 447 675 136
f 372 369 445
f 675 372 445
f 676 219 138
f 144 676 138
f 222 221 219
f 676 222 219
f 677 675 447
f 450 677 447
f 375 372 675
f 677 375 675
f 227 676 144
f 148 227 144
f 225 222 676
f 227 225 676
f 678 677 450
f 452 678 450
f 378 375 677
f 678 378 677
f 228 227 148
f 152 228 148
f 679 678 452
f 454 679 452
f 380 378 678
f 679 380 678
f 159 152 155
f 156 159 155
f 680 228 152
f 159 680 152
f 681 478 228
f 680 681 228
f 682 480 478
f 681 682 478
f 683 482 480
f 682 683 480
f 684 454 482
f 683 684 482
f 685 679 454
f 684 685 454
f 387 380 679
f 685 387 679
f 384 383 380
f 387 384 380
f 686 680 159
f 160 686 159
f 687 681 680
f 686 687 680
f 688 682 681
f 687 688 681
f 689 683 682
f 688 689 682
f 690 684 683
f 689 690 683
f 691 685 684
f 690 691 684
f 388 387 685
f 691 388 685
f 165 686 160
f 162 165 160
f 692 687 686
f 165 692 686
f 693 688 687
f 692 693 687
f 694 689 688
f 693 694 688
f 695 690 689
f 694 695 689
f 393 691 690
f 695 393 690
f 390 388 691
f 393 390 691
f 696 692 165
f 166 696 165
f 697 693 692
f 696 697 692
f 698 694 693
f 697 698 693
f 397 695 694
f 698 397 694
f 394 393 695
f 397 394 695
f 171 696 166
f 168 171 166
f 699 697 696
f 171 699 696
f 700 698 697
f 699 700 697
f 398 397 698
f 700 398 698
f 175 699 171
f 172 175 171
f 403 700 699
f 175 403 699
f 400 398 700
f 403 400 700
f 404 403 175
f 176 404 175
f 701 464 179
f 180 701 179
f 702 466 464
f 701 702 464
f 703 468 466
f 702 703 466
f 704 469 468
f 703 704 468
f 408 407 469
f 704 408 469
f 705 701 180
f 182 705 180
f 706 702 701
f 705 706 701
f 707 703 702
f 706 707 702
f 708 704 703
f 707 708 703
f 410 408 704
f 708 410 704
f 709 705 182
f 184 709 182
f 710 706 705
f 709 710 705
f 711 707 706
f 710 711 706
f 712 708 707
f 711 712 707
f 412 410 708
f 712 412 708
f 713 709 184
f 186 713 184
f 714 710 709
f 713 714 709
f 715 711 710
f 714 715 710
f 716 712 711
f 715 716 711
f 414 412 712
f 716 414 712
f 717 713 186
f 188 717 186
f 718 714 713
f 717 718 713
f 719 715 714
f 718 719 714
f 720 716 715
f 719 720 715
f 416 414 716
f 720 416 716
f 721 717 188
f 190 721 188
f 722 718 717
f 721 722 717
f 723 719 718
f 722 723 718
f 724 720 719
f 723 724 719
f 418 416 720
f 724 418 720
f 725 721 190
f 192 725 190
f 726 722 721
f 725 726 721
f 727 723 722
f 726 727 722
f 728 724 723
f 727 728 723
f 420 418 724
f 728 420 724
f 729 725 192
f 194 729 192
f 730 726 725
f 729 730 725
f 731 727 726
f 730 731 726
f 732 728 727
f 731 732 727
f 422 420 728
f 732 422 728
f 733 729 194
f 196 733 194
f 734 730 729
f 733 734 729
f 735 731 730
f 734 735 730
f 736 732 731
f 735 736 731
f 424 422 732
f 736 424 732
f 737 733 196
f 198 737 196
f 738 734 733
f 737 738 733
f 739 735 734
f 738 739 734
f 740 736 735
f 739 740 735
f 426 424 736
f 740 426 736
f 741 737 198
f 200 741 198
f 742 738 737
f 741 742 737
f 743 739 738
f 742 743 738
f 744 740 739
f 743 744 739
f 428 426 740
f 744 428 740
f 745 741 200
f 202 745 200
f 746 742 741
f 745 746 741
f 747 743 742
f 746 747 742
f 748 744 743
f 747 748 743
f 430 428 744
f 748 430 744
f 749 745 202
f 204 749 202
f 750 746 745
f 749 750 745
f 751 747 746
f 750 751 746
f 752 748 747
f 751 752 747
f 432 430 748
f 752 432 748
f 753 749 204
f 206 753 204
f 754 750 749
f 753 754 749
f 755 751 750
f 754 755 750
f 756 752 751
f 755 756 751
f 434 432 752
f 756 434 752
f 757 753 206
f 208 757 206
f 758 754 753
f 757 758 753
f 759 755 754
f 758 759 754
f 760 756 755
f 759 760 755
f 436 434 756
f 760 436 756
f 761 757 208
f 210 761 208
f 762 758 757
f 761 762 757
f 763 759 758
f 762 763 758
f 764 760 759
f 763 764 759
f 438 436 760
f 764 438 760
f 765 761 210
f 212 765 210
f 766 762 761
f 765 766 761
f 767 763 762
f 766 767 762
f 768 764 763
f 767 768 763
f 440 438 764
f 768 440 764
f 769 765 212
f 214 769 212
f 770 766 765
f 769 770 765
f 771 767 766
f 770 771 766
f 772 768 767
f 771 772 767
f 442 440 768
f 772 442 768
f 773 769 214
f 216 773 214
f 774 770 769
f 773 774 769
f 775 771 770
f 774 775 770
f 776 772 771
f 775 776 771
f 444 442 772
f 776 444 772
f 777 773 216
f 218 777 216
f 778 774 773
f 777 778 773
f 779 775 774
f 778 779 774
f 448 776 775
f 779 448 775
f 446 444 776
f 448 446 776
f 223 777 218
f 220 223 218
f 780 778 777
f 223 780 777
f 781 779 778
f 780 781 778
f 449 448 779
f 781 449 779
f 782 780 223
f 224 782 223
f 783 781 780
f 782 783 780
f 451 449 781
f 783 451 781
f 784 782 224
f 226 784 224
f 785 783 782
f 784 785 782
f 453 451 783
f 785 453 783
f 479 226 229
f 230 479 229
f 481 784 226
f 479 481 226
f 483 785 784
f 481 483 784
f 455 453 785
f 483 455 785
f 786 787 789
f 786 789 788
f 790 791 793
f 790 793 792
f 794 795 797
f 794 797 796
f 798 799 801
f 798 801 800
f 802 803 805
f 802 805 804
f 806 807 809
f 806 809 808
f 788 789 811
f 788 811 810
f 789 796 812
f 789 812 811
f 813 814 816
f 813 816 815
f 796 797 817
f 796 817 812
f 800 801 819
f 800 819 818
f 804 805 821
f 804 821 820
f 808 809 823
f 808 823 822
f 809 824 825
f 809 825 823
f 824 826 827
f 824 827 825
f 826 828 829
f 826 829 827
f 828 830 831
f 828 831 829
f 830 832 833
f 830 833 831
f 832 834 835
f 832 835 833
f 836 837 839
f 836 839 838
f 837 840 841
f 837 841 839
f 842 843 845
f 842 845 844
f 840 846 847
f 840 847 841
f 818 819 849
f 818 849 848
f 820 821 851
f 820 851 850
f 822 823 853
f 822 853 852
f 854 855 857
f 854 857 856
f 855 858 859
f 855 859 857
f 860 861 863
f 860 863 862
f 858 864 865
f 858 865 859
f 856 857 867
f 856 867 866
f 868 869 871
f 868 871 870
f 859 865 873
f 859 873 872
f 813 875 874
f 876 813 874
f 814 877 875
f 813 814 875
f 879 878 877
f 814 879 877
f 883 881 880
f 882 883 880
f 887 885 884
f 886 887 884
f 891 889 888
f 890 891 888
f 842 893 892
f 894 842 892
f 896 793 792
f 895 896 792
f 843 897 893
f 842 843 893
f 899 898 897
f 843 899 897
f 901 883 882
f 900 901 882
f 903 887 886
f 902 903 886
f 905 891 890
f 904 905 890
f 907 906 891
f 905 907 891
f 909 908 906
f 907 909 906
f 911 910 908
f 909 911 908
f 913 912 910
f 911 913 910
f 915 914 912
f 913 915 912
f 917 916 914
f 915 917 914
f 921 919 918
f 920 921 918
f 858 812 811
f 855 858 811
f 923 922 919
f 921 923 919
f 925 924 922
f 923 925 922
f 927 901 900
f 926 927 900
f 929 903 902
f 928 929 902
f 931 905 904
f 930 931 904
f 934 844 932
f 933 934 932
f 869 936 935
f 868 869 935
f 937 845 844
f 934 937 844
f 939 938 845
f 937 939 845
f 942 862 940
f 941 942 940
f 943 863 862
f 942 943 862
f 945 944 863
f 943 945 863
f 947 946 786
f 788 947 786
f 949 948 946
f 947 949 946
f 951 950 948
f 949 951 948
f 953 952 950
f 951 953 950
f 955 954 952
f 953 955 952
f 957 956 954
f 955 957 954
f 959 958 956
f 957 959 956
f 876 874 958
f 959 876 958
f 793 791 794
f 796 793 794
f 882 880 798
f 800 882 798
f 801 799 802
f 804 801 802
f 886 884 881
f 883 886 881
f 960 947 788
f 810 960 788
f 961 949 947
f 960 961 947
f 962 951 949
f 961 962 949
f 834 953 951
f 962 834 951
f 916 955 953
f 834 916 953
f 963 957 955
f 916 963 955
f 964 959 957
f 963 964 957
f 965 876 959
f 964 965 959
f 894 892 876
f 965 894 876
f 967 966 793
f 896 967 793
f 969 968 966
f 967 969 966
f 971 970 968
f 969 971 968
f 973 972 970
f 971 973 970
f 975 974 972
f 973 975 972
f 977 976 974
f 975 977 974
f 816 814 976
f 977 816 976
f 900 882 800
f 818 900 800
f 819 801 804
f 820 819 804
f 902 886 883
f 901 902 883
f 854 810 836
f 838 854 836
f 978 960 810
f 854 978 810
f 979 961 960
f 978 979 960
f 980 962 961
f 979 980 961
f 835 834 962
f 980 835 962
f 981 963 916
f 917 981 916
f 982 964 963
f 981 982 963
f 983 965 964
f 982 983 964
f 932 894 965
f 983 932 965
f 920 918 894
f 932 920 894
f 936 896 812
f 858 936 812
f 984 967 896
f 936 984 896
f 985 969 967
f 984 985 967
f 986 971 969
f 985 986 969
f 987 973 971
f 986 987 971
f 988 975 973
f 987 988 973
f 989 977 975
f 988 989 975
f 861 816 977
f 989 861 977
f 845 843 816
f 861 845 816
f 926 900 818
f 848 926 818
f 849 819 820
f 850 849 820
f 928 902 901
f 927 928 901
f 990 978 854
f 856 990 854
f 991 979 978
f 990 991 978
f 992 980 979
f 991 992 979
f 993 835 980
f 992 993 980
f 994 917 835
f 993 994 835
f 995 981 917
f 994 995 917
f 996 982 981
f 995 996 981
f 940 983 982
f 996 940 982
f 933 932 983
f 940 933 983
f 997 984 936
f 869 997 936
f 998 985 984
f 997 998 984
f 999 986 985
f 998 999 985
f 1000 987 986
f 999 1000 986
f 1001 988 987
f 1000 1001 987
f 1002 989 988
f 1001 1002 988
f 863 861 989
f 1002 863 989
f 1003 990 856
f 866 1003 856
f 1004 991 990
f 1003 1004 990
f 1005 992 991
f 1004 1005 991
f 1006 993 992
f 1005 1006 992
f 1007 994 993
f 1006 1007 993
f 1008 995 994
f 1007 1008 994
f 1009 996 995
f 1008 1009 995
f 941 940 996
f 1009 941 996
f 871 869 859
f 872 871 859
f 787 790 792
f 787 792 789
f 795 1010 1011
f 795 1011 797
f 1010 1012 1013
f 1010 1013 1011
f 1012 1014 1015
f 1012 1015 1013
f 1014 1016 1017
f 1014 1017 1015
f 1016 1018 1019
f 1016 1019 1017
f 1018 1020 1021
f 1018 1021 1019
f 1020 1022 1023
f 1020 1023 1021
f 1022 878 879
f 1022 879 1023
f 803 806 808
f 803 808 805
f 888 885 887
f 888 887 890
f 807 889 891
f 807 891 809
f 792 1024 1025
f 792 1025 895
f 1024 1026 1027
f 1024 1027 1025
f 1026 1028 1029
f 1026 1029 1027
f 1028 1030 1031
f 1028 1031 1029
f 1030 1032 1033
f 1030 1033 1031
f 1032 1034 1035
f 1032 1035 1033
f 1034 813 815
f 1034 815 1035
f 797 1011 1036
f 797 1036 817
f 1011 1013 1037
f 1011 1037 1036
f 1013 1015 1038
f 1013 1038 1037
f 1015 1017 1039
f 1015 1039 1038
f 1017 1019 1040
f 1017 1040 1039
f 1019 1021 1041
f 1019 1041 1040
f 1021 1023 1042
f 1021 1042 1041
f 1023 879 1043
f 1023 1043 1042
f 879 898 899
f 879 899 1043
f 805 808 822
f 805 822 821
f 890 887 903
f 890 903 904
f 811 895 935
f 811 935 855
f 895 1025 1044
f 895 1044 935
f 1025 1027 1045
f 1025 1045 1044
f 1027 1029 1046
f 1027 1046 1045
f 1029 1031 1047
f 1029 1047 1046
f 1031 1033 1048
f 1031 1048 1047
f 1033 1035 1049
f 1033 1049 1048
f 1035 815 860
f 1035 860 1049
f 815 842 844
f 815 844 860
f 846 817 864
f 846 864 847
f 817 1036 1050
f 817 1050 864
f 1036 1037 1051
f 1036 1051 1050
f 1037 1038 1052
f 1037 1052 1051
f 1038 1039 1053
f 1038 1053 1052
f 1039 1040 1054
f 1039 1054 1053
f 1040 1041 1055
f 1040 1055 1054
f 1041 1042 1056
f 1041 1056 1055
f 1042 1043 1057
f 1042 1057 1056
f 1043 899 938
f 1043 938 1057
f 899 924 925
f 899 925 938
f 821 822 852
f 821 852 851
f 904 903 929
f 904 929 930
f 823 905 931
f 823 931 853
f 935 1044 1058
f 935 1058 868
f 1044 1045 1059
f 1044 1059 1058
f 1045 1046 1060
f 1045 1060 1059
f 1046 1047 1061
f 1046 1061 1060
f 1047 1048 1062
f 1047 1062 1061
f 1048 1049 1063
f 1048 1063 1062
f 1049 860 862
f 1049 862 1063
f 864 1050 1064
f 864 1064 865
f 1050 1051 1065
f 1050 1065 1064
f 1051 1052 1066
f 1051 1066 1065
f 1052 1053 1067
f 1052 1067 1066
f 1053 1054 1068
f 1053 1068 1067
f 1054 1055 1069
f 1054 1069 1068
f 1055 1056 1070
f 1055 1070 1069
f 1056 1057 944
f 1056 944 1070
f 1057 938 939
f 1057 939 944
f 857 868 870
f 857 870 867
f 865 1064 1071
f 865 1071 873
f 1064 1065 1072
f 1064 1072 1071
f 1065 1066 1073
f 1065 1073 1072
f 1066 1067 1074
f 1066 1074 1073
f 1067 1068 1075
f 1067 1075 1074
f 1068 1069 1076
f 1068 1076 1075
f 1069 1070 1077
f 1069 1077 1076
f 1070 944 945
f 1070 945 1077
f 786 946 790
f 786 790 787
f 946 948 1078
f 946 1078 790
f 948 950 1079
f 948 1079 1078
f 950 952 1080
f 950 1080 1079
f 952 954 1081
f 952 1081 1080
f 954 956 1082
f 954 1082 1081
f 956 958 1083
f 956 1083 1082
f 958 874 875
f 958 875 1083
f 790 1078 1084
f 790 1084 791
f 1078 1079 1085
f 1078 1085 1084
f 1079 1080 1086
f 1079 1086 1085
f 1080 1081 1087
f 1080 1087 1086
f 1081 1082 1088
f 1081 1088 1087
f 1082 1083 1089
f 1082 1089 1088
f 1083 875 877
f 1083 877 1089
f 794 791 1010
f 794 1010 795
f 791 1084 1012
f 791 1012 1010
f 1084 1085 1014
f 1084 1014 1012
f 1085 1086 1016
f 1085 1016 1014
f 1086 1087 1018
f 1086 1018 1016
f 1087 1088 1020
f 1087 1020 1018
f 1088 1089 1022
f 1088 1022 1020
f 1089 877 878
f 1089 878 1022
f 798 880 881
f 798 881 799
f 802 799 806
f 802 806 803
f 799 881 888
f 799 888 806
f 881 884 885
f 881 885 888
f 806 888 889
f 806 889 807
f 876 892 893
f 876 893 813
f 789 792 793
f 789 793 796
f 813 893 897
f 813 897 814
f 814 897 898
f 814 898 879
f 809 891 906
f 809 906 824
f 824 906 908
f 824 908 826
f 826 908 910
f 826 910 828
f 828 910 912
f 828 912 830
f 830 912 914
f 830 914 832
f 832 914 916
f 832 916 834
f 836 810 811
f 836 811 837
f 894 918 919
f 894 919 842
f 837 811 812
f 837 812 840
f 842 919 922
f 842 922 843
f 840 812 817
f 840 817 846
f 843 922 924
f 843 924 899
f 855 935 936
f 855 936 858
f 860 844 845
f 860 845 861
f 868 1058 997
f 868 997 869
f 1058 1059 998
f 1058 998 997
f 1059 1060 999
f 1059 999 998
f 1060 1061 1000
f 1060 1000 999
f 1061 1062 1001
f 1061 1001 1000
f 1062 1063 1002
f 1062 1002 1001
f 1063 862 863
f 1063 863 1002
f 966 1024 792
f 793 966 792
f 968 1026 1024
f 966 968 1024
f 970 1028 1026
f 968 970 1026
f 972 1030 1028
f 970 972 1028
f 974 1032 1030
f 972 974 1030
f 976 1034 1032
f 974 976 1032
f 814 813 1034
f 976 814 1034
f 896 895 811
f 812 896 811
f 843 842 815
f 816 843 815
f 907 905 823
f 825 907 823
f 909 907 825
f 827 909 825
f 911 909 827
f 829 911 827
f 913 911 829
f 831 913 829
f 915 913 831
f 833 915 831
f 917 915 833
f 835 917 833
f 855 854 838
f 839 855 838
f 921 920 932
f 844 921 932
f 858 855 839
f 841 858 839
f 923 921 844
f 845 923 844
f 864 858 841
f 847 864 841
f 925 923 845
f 938 925 845
f 927 926 848
f 849 927 848
f 852 849 850
f 851 852 850
f 930 927 849
f 852 930 849
f 929 928 927
f 930 929 927
f 931 930 852
f 853 931 852
f 934 933 940
f 862 934 940
f 869 868 857
f 859 869 857
f 937 934 862
f 863 937 862
f 939 937 863
f 944 939 863
f 870 1003 866
f 867 870 866
f 1090 1004 1003
f 870 1090 1003
f 1091 1005 1004
f 1090 1091 1004
f 1092 1006 1005
f 1091 1092 1005
f 1093 1007 1006
f 1092 1093 1006
f 1094 1008 1007
f 1093 1094 1007
f 1095 1009 1008
f 1094 1095 1008
f 942 941 1009
f 1095 942 1009
f 1096 1090 870
f 871 1096 870
f 1097 1091 1090
f 1096 1097 1090
f 1098 1092 1091
f 1097 1098 1091
f 1099 1093 1092
f 1098 1099 1092
f 1100 1094 1093
f 1099 1100 1093
f 1101 1095 1094
f 1100 1101 1094
f 943 942 1095
f 1101 943 1095
f 1071 871 872
f 873 1071 872
f 1072 1096 871
f 1071 1072 871
f 1073 1097 1096
f 1072 1073 1096
f 1074 1098 1097
f 1073 1074 1097
f 1075 1099 1098
f 1074 1075 1098
f 1076 1100 1099
f 1075 1076 1099
f 1077 1101 1100
f 1076 1077 1100
f 945 943 1101
f 1077 945 1101

